entry_rva,ghidra_name,ghidra_signature,pdb_name,pdb_segment,pdb_offset
26224,FUN_00406670,undefined FUN_00406670(void),_StartMusic,1,22128
26656,FUN_00406820,undefined FUN_00406820(void),_PauseMusic,1,22560
26752,FUN_00406880,undefined FUN_00406880(void),_UnPauseMusic,1,22656
26848,FUN_004068e0,undefined FUN_004068e0(void),_StopMusic,1,22752
27040,FUN_004069a0,undefined FUN_004069a0(void),_CheckCDLooping,1,22944
27408,FUN_00406b10,undefined FUN_00406b10(void),_TestSFX,1,23312
27712,FUN_00406c40,undefined FUN_00406c40(void),_TestVoice,1,23616
28016,FUN_00406d70,undefined FUN_00406d70(void),_QueueCB,1,23920
28736,FUN_00407040,undefined FUN_00407040(void),_KillCBQueue,1,24640
28864,FUN_004070c0,undefined FUN_004070c0(void),_DeadMenDontUseCBs,1,24768
29152,FUN_004071e0,undefined FUN_004071e0(void),??0DirectSound_AudioInterface@@QAE@PAVTheoraVideoClip@@HH@Z,1,25056
29904,FUN_004074d0,undefined FUN_004074d0(void),??_EDirectSound_AudioInterface@@UAEPAXI@Z,1,25808
29952,FUN_00407500,undefined FUN_00407500(void),??1DirectSound_AudioInterface@@UAE@XZ,1,25856
30176,FUN_004075e0,undefined FUN_004075e0(void),?insertData@DirectSound_AudioInterface@@UAEXPAMH@Z,1,26080
30800,FUN_00407850,undefined FUN_00407850(void),?FillBufferWithQuiet@DirectSound_AudioInterface@@AAEXXZ,1,26704
30976,FUN_00407900,undefined FUN_00407900(void),?NotificationThreadProc@DirectSound_AudioInterface@@CGIPAX@Z,1,26880
31536,FUN_00407b30,undefined FUN_00407b30(void),?createInstance@DirectSound_TheoraAudioInterfaceFactory@@UAEPAVTheoraAudioInterface@@PAVTheoraVideoClip@@HH@Z,1,27440
31648,FUN_00407ba0,undefined FUN_00407ba0(void),_CDInitVolume,1,27552
31840,FUN_00407c60,undefined FUN_00407c60(void),_CDInit,1,27744
32096,FUN_00407d60,undefined FUN_00407d60(void),_CDStopAudio,1,28000
32128,FUN_00407d80,undefined FUN_00407d80(void),_CDPlayAudio,1,28032
32208,FUN_00407dd0,undefined FUN_00407dd0(void),_PlayerInit,1,28112
32416,FUN_00407ea0,undefined FUN_00407ea0(void),_PlayerDone,1,28320
32480,FUN_00407ee0,undefined FUN_00407ee0(void),_PlayerState,1,28384
32736,FUN_00407fe0,undefined FUN_00407fe0(void),_PlayerPlayOrPause,1,28640
32928,FUN_004080a0,undefined FUN_004080a0(void),_PlayerStop,1,28832
32992,FUN_004080e0,undefined FUN_004080e0(void),_PlayerDisplayInfo,1,28896
33104,FUN_00408150,undefined FUN_00408150(void),_PlayerUpdate,1,29008
33984,FUN_004084c0,undefined FUN_004084c0(void),_ClampZ,1,29888
34048,FUN_00408500,undefined FUN_00408500(void),_Draw_RadarMesh,1,29952
34544,FUN_004086f0,undefined FUN_004086f0(void),__matherr,1,30448
34560,FUN_00408700,undefined FUN_00408700(void),_Init_D3D_Device,1,30464
38720,FUN_00409740,undefined FUN_00409740(void),?OnLayerChanged@cUI_View@@MAEXXZ,1,34624
44736,FUN_0040aec0,undefined FUN_0040aec0(void),_GetCarBBox,1,40640
49088,FUN_0040bfc0,undefined FUN_0040bfc0(void),_ClearCollision,1,44992
49232,FUN_0040c050,undefined FUN_0040c050(void),_InitCollisions,1,45136
49712,FUN_0040c230,undefined FUN_0040c230(void),_DeleteCollisionEntity,1,45616
49920,FUN_0040c300,undefined FUN_0040c300(void),_DeleteCollisionHandler,1,45824
50080,FUN_0040c3a0,undefined FUN_0040c3a0(void),_CheckEntityCollisions,1,45984
51392,FUN_0040c8c0,undefined FUN_0040c8c0(void),_preclsn,1,47296
51872,FUN_0040caa0,undefined FUN_0040caa0(void),_NextCollidable,1,47776
53584,FUN_0040d150,undefined FUN_0040d150(void),_Cgeom_Create,1,49488
54256,FUN_0040d3f0,undefined FUN_0040d3f0(void),_Cgeom_PointTest,1,50160
55024,FUN_0040d6f0,undefined FUN_0040d6f0(void),_InitEuler,1,50928
55136,FUN_0040d760,undefined FUN_0040d760(void),_WorldVelocity,1,51040
56016,FUN_0040dad0,undefined FUN_0040dad0(void),_DeleteFloorHandler,1,51920
56144,FUN_0040db50,undefined FUN_0040db50(void),_Floor_DeleteEntity,1,52048
56224,FUN_0040dba0,undefined FUN_0040dba0(void),_Floor_GetFloorEx,1,52128
56912,FUN_0040de50,undefined FUN_0040de50(void),_PointEntityCheck,1,52816
61120,FUN_0040eec0,undefined FUN_0040eec0(void),??3BoltRender@@SAXPAX@Z,1,57024
61136,FUN_0040eed0,undefined FUN_0040eed0(void),??3BoltRenderClass@@SAXPAX@Z,1,57040
61152,FUN_0040eee0,undefined FUN_0040eee0(void),??0BoltRender@@QAE@PBVBoltRenderClass@@PAUParticleRenderPointer@@PBUMAT_3D@@@Z,1,57056
61504,FUN_0040f040,undefined FUN_0040f040(void),??_EBoltRender@@UAEPAXI@Z,1,57408
61552,FUN_0040f070,undefined FUN_0040f070(void),??1BoltRender@@UAE@XZ,1,57456
61760,FUN_0040f140,undefined FUN_0040f140(void),?Detach@BoltRender@@UAEXPBUMAT_3D@@M@Z,1,57664
61856,FUN_0040f1a0,undefined FUN_0040f1a0(void),??0BoltRenderClass@@QAE@PBV0@PBD@Z,1,57760
62224,FUN_0040f310,undefined FUN_0040f310(void),??_EBoltRenderClass@@UAEPAXI@Z,1,58128
62384,`dynamic_initializer_for_'STATIC_CREATOR'',void __cdecl `dynamic_initializer_for_'STATIC_CREATOR''(void),?Derive@BoltRenderClass@@UBEPAVParticleRenderClass@@PBD@Z,1,58288
62512,`dynamic_initializer_for_'STATIC_CREATOR'',void __cdecl `dynamic_initializer_for_'STATIC_CREATOR''(void),?Simulate@BoltRenderClass@@UAEXM@Z,1,58416
62640,`dynamic_initializer_for_'STATIC_CREATOR'',void __cdecl `dynamic_initializer_for_'STATIC_CREATOR''(void),?Render@BoltRenderClass@@UAEXPAUCAMERA@@@Z,1,58544
66048,FUN_00410200,undefined FUN_00410200(void),?Hash@@YAIPBDI@Z,1,61952
66144,FUN_00410260,undefined FUN_00410260(void),??_EChunkSimulateClass@@UAEPAXI@Z,1,62048
66192,FUN_00410290,undefined FUN_00410290(void),?Derive@ChunkSimulateClass@@UBEPAVParticleSimulateClass@@PBD@Z,1,62096
66336,FUN_00410320,undefined FUN_00410320(void),?Apply@ChunkSimulateClass@@UAEXM@Z,1,62240
67008,FUN_004105c0,undefined FUN_004105c0(void),??3ColorRenderClass@@SAXPAX@Z,1,62912
67104,FUN_00410620,undefined FUN_00410620(void),??1ParticleRender@@UAE@XZ,1,63008
67152,FUN_00410650,undefined FUN_00410650(void),??0ColorRenderClass@@QAE@PBV0@PBD@Z,1,63056
67728,FUN_00410890,undefined FUN_00410890(void),??_EColorRenderClass@@UAEPAXI@Z,1,63632
67776,FUN_004108c0,undefined FUN_004108c0(void),??1TwirlRenderClass@@UAE@XZ,1,63680
67792,FUN_004108d0,undefined FUN_004108d0(void),?Build@ColorRenderClass@@UBEXPAUParticleRenderPointer@@PBUMAT_3D@@@Z,1,63696
67856,FUN_00410910,undefined FUN_00410910(void),?Derive@ColorRenderClass@@UBEPAVParticleRenderClass@@PBD@Z,1,63760
67984,FUN_00410990,undefined FUN_00410990(void),?Simulate@ColorRenderClass@@UAEXM@Z,1,63888
68080,FUN_004109f0,undefined FUN_004109f0(void),??3DustSimulateClass@@SAXPAX@Z,1,63984
68096,FUN_00410a00,undefined FUN_00410a00(void),??_EDustSimulateClass@@UAEPAXI@Z,1,64000
68144,FUN_00410a30,undefined FUN_00410a30(void),?Derive@DustSimulateClass@@UBEPAVParticleSimulateClass@@PBD@Z,1,64048
68288,FUN_00410ac0,undefined FUN_00410ac0(void),?Apply@DustSimulateClass@@UAEXM@Z,1,64192
68768,FUN_00410ca0,undefined FUN_00410ca0(void),??3EmberSimulateClass@@SAXPAX@Z,1,64672
68784,FUN_00410cb0,undefined FUN_00410cb0(void),??_EEmberSimulateClass@@UAEPAXI@Z,1,64688
68832,FUN_00410ce0,undefined FUN_00410ce0(void),?Derive@EmberSimulateClass@@UBEPAVParticleSimulateClass@@PBD@Z,1,64736
68976,FUN_00410d70,undefined FUN_00410d70(void),?Apply@EmberSimulateClass@@UAEXM@Z,1,64880
69552,FUN_00410fb0,undefined FUN_00410fb0(void),??3EmitRenderClass@@SAXPAX@Z,1,65456
69568,FUN_00410fc0,undefined FUN_00410fc0(void),?isCaseSensitive@Ogre76Archive@@UBE_NXZ,1,65472
69584,FUN_00410fd0,undefined FUN_00410fd0(void),??0EmitRender@@QAE@PBVEmitRenderClass@@PAUParticleRenderPointer@@PBUMAT_3D@@@Z,1,65488
69728,FUN_00411060,undefined FUN_00411060(void),??_EEmitRender@@UAEPAXI@Z,1,65632
69808,FUN_004110b0,undefined FUN_004110b0(void),??0EmitRenderClass@@QAE@PBV0@PBD@Z,1,65712
70480,FUN_00411350,undefined FUN_00411350(void),??_EEmitRenderClass@@UAEPAXI@Z,1,66384
70528,FUN_00411380,undefined FUN_00411380(void),?Build@EmitRenderClass@@UBEXPAUParticleRenderPointer@@PBUMAT_3D@@@Z,1,66432
70592,FUN_004113c0,undefined FUN_004113c0(void),?Derive@EmitRenderClass@@UBEPAVParticleRenderClass@@PBD@Z,1,66496
70720,FUN_00411440,undefined FUN_00411440(void),?Simulate@EmitRenderClass@@UAEXM@Z,1,66624
72400,FUN_00411ad0,undefined FUN_00411ad0(void),?SetLOD@EmitRenderClass@@UAEXH@Z,1,68304
72448,FUN_00411b00,undefined FUN_00411b00(void),_InitForceFeedback,1,68352
72608,FUN_00411ba0,undefined FUN_00411ba0(void),_IForceInit,1,68512
73376,FUN_00411ea0,undefined FUN_00411ea0(void),??3LightRender@@SAXPAX@Z,1,69280
73392,FUN_00411eb0,undefined FUN_00411eb0(void),??3LightRenderClass@@SAXPAX@Z,1,69296
73408,FUN_00411ec0,undefined FUN_00411ec0(void),??0LightRender@@QAE@PBVLightRenderClass@@PAUParticleRenderPointer@@PBUMAT_3D@@@Z,1,69312
73936,FUN_004120d0,undefined FUN_004120d0(void),??_ELightRender@@UAEPAXI@Z,1,69840
74096,FUN_00412170,undefined FUN_00412170(void),?Simulate@LightRenderClass@@UAEXM@Z,1,70000
74736,FUN_004123f0,undefined FUN_004123f0(void),??$destroy@PAU?$_List_node@U?$pair@$$CBV?$basic_string@DU?$char_traits@D@std@@V?$allocator@D@2@@std@@V?$vector@V?$basic_string@DU?$char_traits@D@std@@V?$allocator@D@2@@std@@V?$allocator@V?$basic_string@DU?$char_traits@D@std@@V?$allocator@D@2@@std@@@2@@2@@std@@PAX@std@@@?$_Wrap_alloc@V?$allocator@U?$_List_node@U?$pair@$$CBV?$basic_string@DU?$char_traits@D@std@@V?$allocator@D@2@@std@@V?$vector@V?$basic_string@DU?$char_traits@D@std@@V?$allocator@D@2@@std@@V?$allocator@V?$basic_string@DU?$char_traits@D@std@@V?$allocator@D@2@@std@@@2@@2@@std@@PAX@std@@@std@@@std@@QAEXPAPAU?$_List_node@U?$pair@$$CBV?$basic_string@DU?$char_traits@D@std@@V?$allocator@D@2@@std@@V?$vector@V?$basic_string@DU?$char_traits@D@std@@V?$allocator@D@2@@std@@V?$allocator@V?$basic_string@DU?$char_traits@D@std@@V?$allocator@D@2@@std@@@2@@2@@std@@PAX@1@@Z,1,70640
75216,FUN_004125d0,undefined FUN_004125d0(void),??_ELightRenderClass@@UAEPAXI@Z,1,71120
75264,FUN_00412600,undefined FUN_00412600(void),?Build@LightRenderClass@@UBEXPAUParticleRenderPointer@@PBUMAT_3D@@@Z,1,71168
75376,FUN_00412670,undefined FUN_00412670(void),?Derive@LightRenderClass@@UBEPAVParticleRenderClass@@PBD@Z,1,71280
75504,FUN_004126f0,undefined FUN_004126f0(void),??3MultiRender@@SAXPAX@Z,1,71408
75520,FUN_00412700,undefined FUN_00412700(void),??3MultiRenderClass@@SAXPAX@Z,1,71424
75536,FUN_00412710,undefined FUN_00412710(void),??0MultiRender@@QAE@PBVMultiRenderClass@@PAUParticleRenderPointer@@PBUMAT_3D@@@Z,1,71440
75888,FUN_00412870,undefined FUN_00412870(void),??_EMultiRender@@UAEPAXI@Z,1,71792
75936,FUN_004128a0,undefined FUN_004128a0(void),??1MultiRender@@UAE@XZ,1,71840
76112,FUN_00412950,undefined FUN_00412950(void),?Change@MultiRender@@UAEXPAUParticleRenderPointer@@PBUMAT_3D@@@Z,1,72016
76256,FUN_004129e0,undefined FUN_004129e0(void),?Detach@MultiRender@@UAEXPBUMAT_3D@@M@Z,1,72160
76352,FUN_00412a40,undefined FUN_00412a40(void),??0MultiRenderClass@@QAE@PBV0@PBD@Z,1,72256
76864,FUN_00412c40,undefined FUN_00412c40(void),??_EMultiRenderClass@@UAEPAXI@Z,1,72768
76928,FUN_00412c80,undefined FUN_00412c80(void),?Build@MultiRenderClass@@UBEXPAUParticleRenderPointer@@PBUMAT_3D@@@Z,1,72832
77040,FUN_00412cf0,undefined FUN_00412cf0(void),?Derive@MultiRenderClass@@UBEPAVParticleRenderClass@@PBD@Z,1,72944
77168,FUN_00412d70,undefined FUN_00412d70(void),??$sprintf_s@$0EA@@@YAHAAY0EA@DPBDZZ,1,73072
77200,FUN_00412d90,undefined FUN_00412d90(void),??0ParticleRenderPointer@@QAE@XZ,1,73104
77216,FUN_00412da0,undefined FUN_00412da0(void),??1ParticleRenderPointer@@QAE@XZ,1,73120
77248,FUN_00412dc0,undefined FUN_00412dc0(void),??0ParticleRender@@QAE@PBVParticleRenderClass@@PAUParticleRenderPointer@@PBUMAT_3D@@@Z,1,73152
77408,FUN_00412e60,undefined FUN_00412e60(void),??_EParticleRender@@UAEPAXI@Z,1,73312
77488,FUN_00412eb0,undefined FUN_00412eb0(void),?Change@ParticleRender@@UAEXPAUParticleRenderPointer@@PBUMAT_3D@@@Z,1,73392
77584,FUN_00412f10,undefined FUN_00412f10(void),?Detach@ParticleRender@@UAEXPBUMAT_3D@@M@Z,1,73488
77616,FUN_00412f30,undefined FUN_00412f30(void),??0ParticleRenderClass@@QAE@PBV0@PBD@Z,1,73520
78208,FUN_00413180,undefined FUN_00413180(void),??_EParticleRenderClass@@UAEPAXI@Z,1,74112
78256,FUN_004131b0,undefined FUN_004131b0(void),??1ParticleRenderClass@@UAE@XZ,1,74160
78384,FUN_00413230,undefined FUN_00413230(void),?Derive@ParticleRenderClass@@UBEPAV1@PBD@Z,1,74288
78512,FUN_004132b0,undefined FUN_004132b0(void),?Simulate@ParticleRenderClass@@UAEXM@Z,1,74416
78576,FUN_004132f0,undefined FUN_004132f0(void),?Add@ParticleRenderClass@@QAEXPAVParticleRender@@@Z,1,74480
78672,FUN_00413350,undefined FUN_00413350(void),?Del@ParticleRenderClass@@QAEXPAVParticleRender@@@Z,1,74576
78784,FUN_004133c0,undefined FUN_004133c0(void),?Find@ParticleRenderClass@@SAPBV1@PBD@Z,1,74688
79328,FUN_004135e0,undefined FUN_004135e0(void),?Cleanup@ParticleRenderClass@@SAXXZ,1,75232
79424,FUN_00413640,undefined FUN_00413640(void),?Clear@?$PblList@VParticle@@@@QAEXXZ,1,75328
79488,FUN_00413680,undefined FUN_00413680(void),?erase@?$_Hash@V?$_Hmap_traits@KPBVParticleRenderClass@@V?$hash_compare@KU?$less@K@std@@@stdext@@V?$allocator@U?$pair@$$CBKPBVParticleRenderClass@@@std@@@std@@$0A@@stdext@@@std@@QAE?AV?$_List_iterator@V?$_List_val@U?$_List_simple_types@U?$pair@$$CBKPBVParticleRenderClass@@@std@@@std@@@std@@@2@V?$_List_const_iterator@V?$_List_val@U?$_List_simple_types@U?$pair@$$CBKPBVParticleRenderClass@@@std@@@std@@@std@@@2@@Z,1,75392
79680,FUN_00413740,undefined FUN_00413740(void),??0?$_Hash@V?$_Hmap_traits@IPBDV?$hash_compare@IU?$less@I@std@@@stdext@@V?$allocator@U?$pair@$$CBIPBD@std@@@std@@$0A@@stdext@@@std@@QAE@ABV?$hash_compare@IU?$less@I@std@@@stdext@@ABV?$allocator@U?$pair@$$CBIPBD@std@@@1@@Z,1,75584
79856,FUN_004137f0,undefined FUN_004137f0(void),?lower_bound@?$_Hash@V?$_Hmap_traits@IV?$hash_map@IPBDV?$hash_compare@IU?$less@I@std@@@stdext@@V?$allocator@U?$pair@$$CBIPBD@std@@@std@@@stdext@@V?$hash_compare@IU?$less@I@std@@@2@V?$allocator@U?$pair@$$CBIV?$hash_map@IPBDV?$hash_compare@IU?$less@I@std@@@stdext@@V?$allocator@U?$pair@$$CBIPBD@std@@@std@@@stdext@@@std@@@std@@$0A@@stdext@@@std@@QBE?AV?$_List_const_iterator@V?$_List_val@U?$_List_simple_types@U?$pair@$$CBIV?$hash_map@IPBDV?$hash_compare@IU?$less@I@std@@@stdext@@V?$allocator@U?$pair@$$CBIPBD@std@@@std@@@stdext@@@std@@@std@@@std@@@2@ABI@Z,1,75760
80032,FUN_004138a0,undefined FUN_004138a0(void),??1?$list@U?$pair@$$CBIUAtlasRect@cRenderableTileClusterManager@@@std@@V?$allocator@U?$pair@$$CBIUAtlasRect@cRenderableTileClusterManager@@@std@@@2@@std@@QAE@XZ,1,75936
80096,FUN_004138e0,undefined FUN_004138e0(void),??1?$vector@V?$_List_unchecked_iterator@V?$_List_val@U?$_List_simple_types@U?$pair@$$CBV?$basic_string@DU?$char_traits@D@std@@V?$allocator@D@2@@std@@V?$vector@V?$basic_string@DU?$char_traits@D@std@@V?$allocator@D@2@@std@@V?$allocator@V?$basic_string@DU?$char_traits@D@std@@V?$allocator@D@2@@std@@@2@@2@@std@@@std@@@std@@@std@@U?$_Wrap_alloc@V?$allocator@V?$_List_unchecked_iterator@V?$_List_val@U?$_List_simple_types@U?$pair@$$CBV?$basic_string@DU?$char_traits@D@std@@V?$allocator@D@2@@std@@V?$vector@V?$basic_string@DU?$char_traits@D@std@@V?$allocator@D@2@@std@@V?$allocator@V?$basic_string@DU?$char_traits@D@std@@V?$allocator@D@2@@std@@@2@@2@@std@@@std@@@std@@@std@@@std@@@2@@std@@QAE@XZ,1,76000
80624,FUN_00413af0,undefined FUN_00413af0(void),?_Buynode0@?$_List_alloc@$0A@U?$_List_base_types@U?$pair@PAVcLobbyListener@@I@std@@V?$allocator@U?$pair@PAVcLobbyListener@@I@std@@@2@@std@@@std@@QAEPAU?$_List_node@U?$pair@PAVcLobbyListener@@I@std@@PAX@2@PAU32@0@Z,1,76528
80688,FUN_00413b30,undefined FUN_00413b30(void),?_Grow_to@?$vector@V?$_List_unchecked_iterator@V?$_List_val@U?$_List_simple_types@U?$pair@$$CBV?$basic_string@DU?$char_traits@D@std@@V?$allocator@D@2@@std@@V?$vector@V?$basic_string@DU?$char_traits@D@std@@V?$allocator@D@2@@std@@V?$allocator@V?$basic_string@DU?$char_traits@D@std@@V?$allocator@D@2@@std@@@2@@2@@std@@@std@@@std@@@std@@U?$_Wrap_alloc@V?$allocator@V?$_List_unchecked_iterator@V?$_List_val@U?$_List_simple_types@U?$pair@$$CBV?$basic_string@DU?$char_traits@D@std@@V?$allocator@D@2@@std@@V?$vector@V?$basic_string@DU?$char_traits@D@std@@V?$allocator@D@2@@std@@V?$allocator@V?$basic_string@DU?$char_traits@D@std@@V?$allocator@D@2@@std@@@2@@2@@std@@@std@@@std@@@std@@@std@@@2@@std@@IBEII@Z,1,76592
80752,FUN_00413b70,undefined FUN_00413b70(void),??$insert@U?$pair@KPAVParticleRenderClass@@@std@@@?$_Hash@V?$_Hmap_traits@KPBVParticleRenderClass@@V?$hash_compare@KU?$less@K@std@@@stdext@@V?$allocator@U?$pair@$$CBKPBVParticleRenderClass@@@std@@@std@@$0A@@stdext@@@std@@QAE?AU?$pair@V?$_List_iterator@V?$_List_val@U?$_List_simple_types@U?$pair@$$CBKPBVParticleRenderClass@@@std@@@std@@@std@@@std@@_N@1@$$QAU?$pair@KPAVParticleRenderClass@@@1@@Z,1,76656
80864,FUN_00413be0,undefined FUN_00413be0(void),??$fill@PAV?$_List_unchecked_iterator@V?$_List_val@U?$_List_simple_types@U?$pair@$$CBV?$basic_string@DU?$char_traits@D@std@@V?$allocator@D@2@@std@@V?$vector@V?$basic_string@DU?$char_traits@D@std@@V?$allocator@D@2@@std@@V?$allocator@V?$basic_string@DU?$char_traits@D@std@@V?$allocator@D@2@@std@@@2@@2@@std@@@std@@@std@@@std@@V12@@std@@YAXPAV?$_List_unchecked_iterator@V?$_List_val@U?$_List_simple_types@U?$pair@$$CBV?$basic_string@DU?$char_traits@D@std@@V?$allocator@D@2@@std@@V?$vector@V?$basic_string@DU?$char_traits@D@std@@V?$allocator@D@2@@std@@V?$allocator@V?$basic_string@DU?$char_traits@D@std@@V?$allocator@D@2@@std@@@2@@2@@std@@@std@@@std@@@0@0ABV10@@Z,1,76768
80928,FUN_00413c20,undefined FUN_00413c20(void),??$_Insert@AAU?$pair@$$CBIPAUFileData@ParameterDB@@@std@@V?$_List_unchecked_iterator@V?$_List_val@U?$_List_simple_types@U?$pair@$$CBIPAUFileData@ParameterDB@@@std@@@std@@@std@@@2@@?$_Hash@V?$_Hmap_traits@IPAUFileData@ParameterDB@@V?$hash_compare@IU?$less@I@std@@@stdext@@V?$allocator@U?$pair@$$CBIPAUFileData@ParameterDB@@@std@@@std@@$0A@@stdext@@@std@@IAE?AU?$pair@V?$_List_iterator@V?$_List_val@U?$_List_simple_types@U?$pair@$$CBIPAUFileData@ParameterDB@@@std@@@std@@@std@@@std@@_N@1@AAU?$pair@$$CBIPAUFileData@ParameterDB@@@1@V?$_List_unchecked_iterator@V?$_List_val@U?$_List_simple_types@U?$pair@$$CBIPAUFileData@ParameterDB@@@std@@@std@@@std@@@1@@Z,1,76832
81264,FUN_00413d70,undefined FUN_00413d70(void),??$_Uninit_fill_n@PAV?$_List_unchecked_iterator@V?$_List_val@U?$_List_simple_types@U?$pair@$$CBV?$basic_string@DU?$char_traits@D@std@@V?$allocator@D@2@@std@@V?$vector@V?$basic_string@DU?$char_traits@D@std@@V?$allocator@D@2@@std@@V?$allocator@V?$basic_string@DU?$char_traits@D@std@@V?$allocator@D@2@@std@@@2@@2@@std@@@std@@@std@@@std@@IV12@U?$_Wrap_alloc@V?$allocator@V?$_List_unchecked_iterator@V?$_List_val@U?$_List_simple_types@U?$pair@$$CBV?$basic_string@DU?$char_traits@D@std@@V?$allocator@D@2@@std@@V?$vector@V?$basic_string@DU?$char_traits@D@std@@V?$allocator@D@2@@std@@V?$allocator@V?$basic_string@DU?$char_traits@D@std@@V?$allocator@D@2@@std@@@2@@2@@std@@@std@@@std@@@std@@@std@@@2@V12@@std@@YAXPAV?$_List_unchecked_iterator@V?$_List_val@U?$_List_simple_types@U?$pair@$$CBV?$basic_string@DU?$char_traits@D@std@@V?$allocator@D@2@@std@@V?$vector@V?$basic_string@DU?$char_traits@D@std@@V?$allocator@D@2@@std@@V?$allocator@V?$basic_string@DU?$char_traits@D@std@@V?$allocator@D@2@@std@@@2@@2@@std@@@std@@@std@@@0@IPBV10@AAU?$_Wrap_alloc@U?$_Wrap_alloc@V?$allocator@V?$_List_unchecked_iterator@V?$_List_val@U?$_List_simple_types@U?$pair@$$CBV?$basic_string@DU?$char_traits@D@std@@V?$allocator@D@2@@std@@V?$vector@V?$basic_string@DU?$char_traits@D@std@@V?$allocator@D@2@@std@@V?$allocator@V?$basic_string@DU?$char_traits@D@std@@V?$allocator@D@2@@std@@@2@@2@@std@@@std@@@std@@@std@@@std@@@std@@@0@0U_Nonscalar_ptr_iterator_tag@0@@Z,1,77168
81312,FUN_00413da0,undefined FUN_00413da0(void),?_Check_size@?$_Hash@V?$_Hmap_traits@IPAUFileData@ParameterDB@@V?$hash_compare@IU?$less@I@std@@@stdext@@V?$allocator@U?$pair@$$CBIPAUFileData@ParameterDB@@@std@@@std@@$0A@@stdext@@@std@@IAEXXZ,1,77216
81504,FUN_00413e60,undefined FUN_00413e60(void),??$_Buynode@ABU?$pair@PAVcLobbyListener@@I@std@@@?$_List_buy@U?$pair@PAVcLobbyListener@@I@std@@V?$allocator@U?$pair@PAVcLobbyListener@@I@std@@@2@@std@@QAEPAU?$_List_node@U?$pair@PAVcLobbyListener@@I@std@@PAX@1@PAU21@0ABU?$pair@PAVcLobbyListener@@I@1@@Z,1,77408
81552,FUN_00413e90,undefined FUN_00413e90(void),??$_Uninit_move@PAV?$_List_unchecked_iterator@V?$_List_val@U?$_List_simple_types@U?$pair@$$CBV?$basic_string@DU?$char_traits@D@std@@V?$allocator@D@2@@std@@V?$vector@V?$basic_string@DU?$char_traits@D@std@@V?$allocator@D@2@@std@@V?$allocator@V?$basic_string@DU?$char_traits@D@std@@V?$allocator@D@2@@std@@@2@@2@@std@@@std@@@std@@@std@@PAV12@U?$_Wrap_alloc@V?$allocator@V?$_List_unchecked_iterator@V?$_List_val@U?$_List_simple_types@U?$pair@$$CBV?$basic_string@DU?$char_traits@D@std@@V?$allocator@D@2@@std@@V?$vector@V?$basic_string@DU?$char_traits@D@std@@V?$allocator@D@2@@std@@V?$allocator@V?$basic_string@DU?$char_traits@D@std@@V?$allocator@D@2@@std@@@2@@2@@std@@@std@@@std@@@std@@@std@@@2@V12@@std@@YAPAV?$_List_unchecked_iterator@V?$_List_val@U?$_List_simple_types@U?$pair@$$CBV?$basic_string@DU?$char_traits@D@std@@V?$allocator@D@2@@std@@V?$vector@V?$basic_string@DU?$char_traits@D@std@@V?$allocator@D@2@@std@@V?$allocator@V?$basic_string@DU?$char_traits@D@std@@V?$allocator@D@2@@std@@@2@@2@@std@@@std@@@std@@@0@PAV10@00AAU?$_Wrap_alloc@U?$_Wrap_alloc@V?$allocator@V?$_List_unchecked_iterator@V?$_List_val@U?$_List_simple_types@U?$pair@$$CBV?$basic_string@DU?$char_traits@D@std@@V?$allocator@D@2@@std@@V?$vector@V?$basic_string@DU?$char_traits@D@std@@V?$allocator@D@2@@std@@V?$allocator@V?$basic_string@DU?$char_traits@D@std@@V?$allocator@D@2@@std@@@2@@2@@std@@@std@@@std@@@std@@@std@@@std@@@0@0U_Nonscalar_ptr_iterator_tag@0@@Z,1,77456
81616,FUN_00413ed0,undefined FUN_00413ed0(void),??3ParticleRenderClass@@SAXPAX@Z,1,77520
81632,FUN_00413ee0,undefined FUN_00413ee0(void),??0ParticleSimulateClass@@QAE@PBV0@PBD@Z,1,77536
82240,FUN_00414140,undefined FUN_00414140(void),??_EParticleSimulateClass@@UAEPAXI@Z,1,78144
82288,FUN_00414170,undefined FUN_00414170(void),??1ParticleSimulateClass@@UAE@XZ,1,78192
82480,FUN_00414230,undefined FUN_00414230(void),??_GParticle@@QAEPAXI@Z,1,78384
82544,FUN_00414270,undefined FUN_00414270(void),?Derive@ParticleSimulateClass@@UBEPAV1@PBD@Z,1,78448
82672,FUN_004142f0,undefined FUN_004142f0(void),?Apply@ParticleSimulateClass@@UAEXM@Z,1,78576
82944,FUN_00414400,undefined FUN_00414400(void),?Build@ParticleSimulateClass@@QBEXABUMAT_3D@@ABUVECTOR_3D@@1M@Z,1,78848
83424,FUN_004145e0,undefined FUN_004145e0(void),?Find@ParticleSimulateClass@@SAPBV1@PBD@Z,1,79328
83936,FUN_004147e0,undefined FUN_004147e0(void),?Cleanup@ParticleSimulateClass@@SAXXZ,1,79840
84000,FUN_00414820,undefined FUN_00414820(void),?SimulateAll@ParticleSimulateClass@@SAXM@Z,1,79904
84144,FUN_004148b0,undefined FUN_004148b0(void),?erase@?$_Hash@V?$_Hmap_traits@KPBVParticleSimulateClass@@V?$hash_compare@KU?$less@K@std@@@stdext@@V?$allocator@U?$pair@$$CBKPBVParticleSimulateClass@@@std@@@std@@$0A@@stdext@@@std@@QAE?AV?$_List_iterator@V?$_List_val@U?$_List_simple_types@U?$pair@$$CBKPBVParticleSimulateClass@@@std@@@std@@@std@@@2@V?$_List_const_iterator@V?$_List_val@U?$_List_simple_types@U?$pair@$$CBKPBVParticleSimulateClass@@@std@@@std@@@std@@@2@@Z,1,80048
84336,FUN_00414970,undefined FUN_00414970(void),??$insert@U?$pair@KPAVParticleSimulateClass@@@std@@@?$_Hash@V?$_Hmap_traits@KPBVParticleSimulateClass@@V?$hash_compare@KU?$less@K@std@@@stdext@@V?$allocator@U?$pair@$$CBKPBVParticleSimulateClass@@@std@@@std@@$0A@@stdext@@@std@@QAE?AU?$pair@V?$_List_iterator@V?$_List_val@U?$_List_simple_types@U?$pair@$$CBKPBVParticleSimulateClass@@@std@@@std@@@std@@@std@@_N@1@$$QAU?$pair@KPAVParticleSimulateClass@@@1@@Z,1,80240
84448,FUN_004149e0,undefined FUN_004149e0(void),??3ParticleSimulateClass@@SAXPAX@Z,1,80352
84464,FUN_004149f0,undefined FUN_004149f0(void),??3ParticleSpraySimulateClass@@SAXPAX@Z,1,80368
84480,FUN_00414a00,undefined FUN_00414a00(void),??_EParticleSpraySimulateClass@@UAEPAXI@Z,1,80384
84528,FUN_00414a30,undefined FUN_00414a30(void),?Derive@ParticleSpraySimulateClass@@UBEPAVParticleSimulateClass@@PBD@Z,1,80432
84672,FUN_00414ac0,undefined FUN_00414ac0(void),?Apply@ParticleSpraySimulateClass@@UAEXM@Z,1,80576
85088,FUN_00414c60,undefined FUN_00414c60(void),_UserPref_arcadeMode,1,80992
85120,FUN_00414c80,undefined FUN_00414c80(void),?Init@ParticleSystem@@UAEXXZ,1,81024
85136,FUN_00414c90,undefined FUN_00414c90(void),?PostRun@ParticleSystem@@UAEXXZ,1,81040
85232,FUN_00414cf0,undefined FUN_00414cf0(void),?Submit@ParticleSystem@@UAEXPAUCAMERA@@@Z,1,81136
85456,FUN_00414dd0,undefined FUN_00414dd0(void),?Cleanup@ParticleSystem@@UAEXXZ,1,81360
85760,FUN_00414f00,undefined FUN_00414f00(void),??3PlanarRenderClass@@SAXPAX@Z,1,81664
85776,FUN_00414f10,undefined FUN_00414f10(void),??_EPlanarRender@@UAEPAXI@Z,1,81680
85856,FUN_00414f60,undefined FUN_00414f60(void),??0PlanarRenderClass@@QAE@PBV0@PBD@Z,1,81760
86048,FUN_00415020,undefined FUN_00415020(void),??_EPlanarRenderClass@@UAEPAXI@Z,1,81952
86096,FUN_00415050,undefined FUN_00415050(void),?Build@PlanarRenderClass@@UBEXPAUParticleRenderPointer@@PBUMAT_3D@@@Z,1,82000
86160,FUN_00415090,undefined FUN_00415090(void),?Derive@PlanarRenderClass@@UBEPAVParticleRenderClass@@PBD@Z,1,82064
86288,FUN_00415110,undefined FUN_00415110(void),?Render@PlanarRenderClass@@UAEXPAUCAMERA@@@Z,1,82192
88096,FUN_00415820,undefined FUN_00415820(void),??3SmokeSimulateClass@@SAXPAX@Z,1,84000
88112,FUN_00415830,undefined FUN_00415830(void),??_ESmokeSimulateClass@@UAEPAXI@Z,1,84016
88160,FUN_00415860,undefined FUN_00415860(void),?Derive@SmokeSimulateClass@@UBEPAVParticleSimulateClass@@PBD@Z,1,84064
88304,FUN_004158f0,undefined FUN_004158f0(void),?Apply@SmokeSimulateClass@@UAEXM@Z,1,84208
88432,FUN_00415970,undefined FUN_00415970(void),??3SpriteRenderClass@@SAXPAX@Z,1,84336
88448,FUN_00415980,undefined FUN_00415980(void),??0SpriteRender@@QAE@PBVSpriteRenderClass@@PAUParticleRenderPointer@@PBUMAT_3D@@@Z,1,84352
88704,FUN_00415a80,undefined FUN_00415a80(void),??_ESpriteRender@@UAEPAXI@Z,1,84608
88784,FUN_00415ad0,undefined FUN_00415ad0(void),??0SpriteRenderClass@@QAE@PBV0@PBD@Z,1,84688
89056,FUN_00415be0,undefined FUN_00415be0(void),??_ESpriteRenderClass@@UAEPAXI@Z,1,84960
89104,FUN_00415c10,undefined FUN_00415c10(void),?Build@SpriteRenderClass@@UBEXPAUParticleRenderPointer@@PBUMAT_3D@@@Z,1,85008
89168,FUN_00415c50,undefined FUN_00415c50(void),?Derive@SpriteRenderClass@@UBEPAVParticleRenderClass@@PBD@Z,1,85072
89296,FUN_00415cd0,undefined FUN_00415cd0(void),?Render@SpriteRenderClass@@UAEXPAUCAMERA@@@Z,1,85200
91328,default_error_condition,undefined default_error_condition(void),?Detach@TrailRender@@UAEXPBUMAT_3D@@M@Z,1,87232
91984,FUN_00416750,undefined FUN_00416750(void),?Derive@TrailRenderClass@@UBEPAVParticleRenderClass@@PBD@Z,1,87888
96560,FUN_00417930,undefined FUN_00417930(void),??_ETwirlRenderClass@@UAEPAXI@Z,1,92464
96672,FID_conflict:_wmemcpy,"wchar_t * __cdecl FID_conflict:_wmemcpy(wchar_t * _S1, wchar_t * _S2, size_t _N)",?Derive@TwirlRenderClass@@UBEPAVParticleRenderClass@@PBD@Z,1,92576
98480,FUN_004180b0,undefined FUN_004180b0(void),??3TwirlTrailRenderClass@@SAXPAX@Z,1,94384
98752,FUN_004181c0,undefined FUN_004181c0(void),??_ETwirlTrailRender@@UAEPAXI@Z,1,94656
99248,FUN_004183b0,undefined FUN_004183b0(void),?Detach@TwirlTrailRender@@UAEXPBUMAT_3D@@M@Z,1,95152
100336,FUN_004187f0,undefined FUN_004187f0(void),?Derive@TwirlTrailRenderClass@@UBEPAVParticleRenderClass@@PBD@Z,1,96240
106224,FUN_00419ef0,undefined FUN_00419ef0(void),?CreateObject@AiMission@@SAPAVSObject@@XZ,1,102128
106896,FUN_0041a190,undefined FUN_0041a190(void),??0AiMission@@QAE@XZ,1,102800
109888,FUN_0041ad40,undefined FUN_0041ad40(void),?afterIlluminationPassesCreated@Listener@MaterialManager@Ogre@@UAE_NPAVTechnique@3@@Z,1,105792
111472,FUN_0041b370,undefined FUN_0041b370(void),?Load@AiPath@@QAE_NPAU_iobuf@@@Z,1,107376
112560,FUN_0041b7b0,undefined FUN_0041b7b0(void),?Cleanup@AiPath@@SAXXZ,1,108464
113360,FUN_0041bad0,undefined FUN_0041bad0(void),?Save@AiProcess@@UAE_NPAU_iobuf@@@Z,1,109264
114176,FUN_0041be00,undefined FUN_0041be00(void),??_EAiTask@@UAEPAXI@Z,1,110080
114816,FUN_0041c080,undefined FUN_0041c080(void),?Get_Next_Object@Range_Search_Results@@QAE_NAAPAH@Z,1,110720
129728,FUN_0041fac0,undefined FUN_0041fac0(void),?WallCheck@@YA_NIIIW4DirType@@0PAVGameObject@@AAUVECTOR_3D@@@Z,1,125632
137808,FUN_00421a50,undefined FUN_00421a50(void),?HazardCells@@YAXMMMH_N@Z,1,133712
138912,FUN_00421ea0,undefined FUN_00421ea0(void),?LabelConnectedRegions@@YAXXZ,1,134816
143552,_Vector_iterator<>,undefined _Vector_iterator<>(void),?DeleteObject@AiUtilFeature@@UAEXPAVGameObject@@@Z,1,139456
144992,fpos<int>,"undefined __thiscall fpos<int>(fpos<int> * this, int param_1, __int64 param_2)",?_Rrotate@?$_Tree@V?$_Tmap_traits@V?$basic_string@DU?$char_traits@D@std@@V?$allocator@D@2@@std@@V12@U?$less@V?$basic_string@DU?$char_traits@D@std@@V?$allocator@D@2@@std@@@2@V?$allocator@U?$pair@$$CBV?$basic_string@DU?$char_traits@D@std@@V?$allocator@D@2@@std@@V12@@std@@@2@$00@std@@@std@@IAEXPAU?$_Tree_node@U?$pair@$$CBV?$basic_string@DU?$char_traits@D@std@@V?$allocator@D@2@@std@@V12@@std@@PAX@2@@Z,1,140896
145088,_String_const_iterator<>,undefined _String_const_iterator<>(void),?_Max@?$_Tree_val@U?$_Tree_simple_types@U?$pair@$$CBV?$basic_string@DU?$char_traits@D@std@@V?$allocator@D@2@@std@@V12@@std@@@std@@@std@@SAPAU?$_Tree_node@U?$pair@$$CBV?$basic_string@DU?$char_traits@D@std@@V?$allocator@D@2@@std@@V12@@std@@PAX@2@PAU32@@Z,1,140992
145392,FID_conflict:operator==,undefined FID_conflict:operator==(void),?_Buyheadnode@?$_Tree_alloc@$0A@U?$_Tree_base_types@U?$pair@$$CBUEntry@?$CSimpleIniTempl@DU?$SI_NoCase@D@@V?$SI_ConvertA@D@@@@V?$multimap@UEntry@?$CSimpleIniTempl@DU?$SI_NoCase@D@@V?$SI_ConvertA@D@@@@PBDUKeyOrder@12@V?$allocator@U?$pair@$$CBUEntry@?$CSimpleIniTempl@DU?$SI_NoCase@D@@V?$SI_ConvertA@D@@@@PBD@std@@@std@@@std@@@std@@V?$allocator@U?$pair@$$CBUEntry@?$CSimpleIniTempl@DU?$SI_NoCase@D@@V?$SI_ConvertA@D@@@@V?$multimap@UEntry@?$CSimpleIniTempl@DU?$SI_NoCase@D@@V?$SI_ConvertA@D@@@@PBDUKeyOrder@12@V?$allocator@U?$pair@$$CBUEntry@?$CSimpleIniTempl@DU?$SI_NoCase@D@@V?$SI_ConvertA@D@@@@PBD@std@@@std@@@std@@@std@@@2@@std@@@std@@QAEPAU?$_Tree_node@U?$pair@$$CBUEntry@?$CSimpleIniTempl@DU?$SI_NoCase@D@@V?$SI_ConvertA@D@@@@V?$multimap@UEntry@?$CSimpleIniTempl@DU?$SI_NoCase@D@@V?$SI_ConvertA@D@@@@PBDUKeyOrder@12@V?$allocator@U?$pair@$$CBUEntry@?$CSimpleIniTempl@DU?$SI_NoCase@D@@V?$SI_ConvertA@D@@@@PBD@std@@@std@@@std@@@std@@PAX@2@XZ,1,141296
145488,_Vector_iterator<>,undefined _Vector_iterator<>(void),??$_Insert_hint@AAU?$pair@QAVGameObject@@UArea@@@std@@PAU?$_Tree_node@U?$pair@QAVGameObject@@UArea@@@std@@PAX@2@@?$_Tree@V?$_Tmap_traits@PAVGameObject@@UArea@@U?$less@PAVGameObject@@@std@@V?$allocator@U?$pair@QAVGameObject@@UArea@@@std@@@4@$0A@@std@@@std@@IAE?AV?$_Tree_iterator@V?$_Tree_val@U?$_Tree_simple_types@U?$pair@QAVGameObject@@UArea@@@std@@@std@@@std@@@1@V?$_Tree_const_iterator@V?$_Tree_val@U?$_Tree_simple_types@U?$pair@QAVGameObject@@UArea@@@std@@@std@@@std@@@1@AAU?$pair@QAVGameObject@@UArea@@@1@PAU?$_Tree_node@U?$pair@QAVGameObject@@UArea@@@std@@PAX@1@@Z,1,141392
146192,FUN_00423b10,undefined FUN_00423b10(void),??$_Insert_at@AAU?$pair@QAVGameObject@@UArea@@@std@@PAU?$_Tree_node@U?$pair@QAVGameObject@@UArea@@@std@@PAX@2@@?$_Tree@V?$_Tmap_traits@PAVGameObject@@UArea@@U?$less@PAVGameObject@@@std@@V?$allocator@U?$pair@QAVGameObject@@UArea@@@std@@@4@$0A@@std@@@std@@IAE?AV?$_Tree_iterator@V?$_Tree_val@U?$_Tree_simple_types@U?$pair@QAVGameObject@@UArea@@@std@@@std@@@std@@@1@_NPAU?$_Tree_node@U?$pair@QAVGameObject@@UArea@@@std@@PAX@1@AAU?$pair@QAVGameObject@@UArea@@@1@1@Z,1,142096
147152,FID_conflict:max_size,undefined FID_conflict:max_size(void),?GetHandle@GameObject@@QAEHXZ,1,143056
147184,FID_conflict:_Grow_to,undefined FID_conflict:_Grow_to(void),?GetTarget@GameObject@@QAEPAV1@XZ,1,143088
147280,FUN_00423f50,undefined FUN_00423f50(void),_IsCraft,1,143184
148192,FUN_004242e0,undefined FUN_004242e0(void),??_EWeaponPowerup@@UAEPAXI@Z,1,144096
148576,FUN_00424460,undefined FUN_00424460(void),?GetTeam@GameObject@@UAEHXZ,1,144480
148672,FUN_004244c0,undefined FUN_004244c0(void),??0AmmoPowerupClass@@QAE@XZ,1,144576
149472,max_size,undefined max_size(void),??0AnchorRocketClass@@QAE@PAV0@_J@Z,1,145376
151520,FUN_00424fe0,undefined FUN_00424fe0(void),?BuildClass@AnimBuildingClass@@UAEPAVGameObjectClass@@_J@Z,1,147424
156816,FUN_00426490,undefined FUN_00426490(void),?LoadAll@AOI@@SA_NPAU_iobuf@@@Z,1,152720
158032,allocate,undefined allocate(void),?Cleanup@PowerUp@@UAEXXZ,1,153936
158128,allocate,undefined allocate(void),?PostLoad@Craft@@UAE_NXZ,1,154032
161904,_Destroy_range<struct_std::_Wrap_alloc<class_std::allocator<unsigned_char>_>_>,"void __cdecl _Destroy_range<struct_std::_Wrap_alloc<class_std::allocator<unsigned_char>_>_>(uchar * param_1, uchar * param_2, _Wrap_alloc<class_std::allocator<unsigned_char>_> * param_3)",??0APCClass@@QAE@XZ,1,157808
164624,FUN_00428310,undefined FUN_00428310(void),?CreateObject@APCEnemy@@SAPAVSObject@@XZ,1,160528
164672,~function<void___cdecl(void)>,void __thiscall ~function<void___cdecl(void)>(function<void___cdecl(void)> * this),?GetRtimeClass@APCEnemy@@UAEPAVRtimeClass@@XZ,1,160576
165232,FUN_00428570,undefined FUN_00428570(void),?CleanState@APCAttack@@MAEXXZ,1,161136
165920,FUN_00428820,undefined FUN_00428820(void),??0Armory@@QAE@PAU_OBJ76@@PAVArmoryClass@@@Z,1,161824
171232,FUN_00429ce0,undefined FUN_00429ce0(void),?GetHim@UnitTask@@QAEPAVGameObject@@XZ,1,167136
171920,FUN_00429f90,undefined FUN_00429f90(void),?Save@ArmoryProcess@@UAE_NPAU_iobuf@@@Z,1,167824
172960,allocate,undefined allocate(void),?InitState@ArmoryProcess@@IAEXXZ,1,168864
175536,_Ptr_cat<>,undefined _Ptr_cat<>(void),?InitWait@SLFFriend@@UAEXXZ,1,171440
185088,FUN_0042d300,undefined FUN_0042d300(void),?AssignFollowOffset@AttackTask@@IAEXXZ,1,180992
188112,FUN_0042ded0,undefined FUN_0042ded0(void),_IsBuilding,1,184016
188176,FUN_0042df10,undefined FUN_0042df10(void),??1AudioMessageMgr@@QAE@XZ,1,184080
190320,FUN_0042e770,undefined FUN_0042e770(void),?PostRun@AudioMessageMgr@@UAEXXZ,1,186224
197232,FUN_00430270,undefined FUN_00430270(void),_CloseGASObject,1,193136
200928,FUN_004310e0,undefined FUN_004310e0(void),?Build@BarracksClass@@UAEPAVGameObject@@PAU_OBJ76@@@Z,1,196832
205392,FUN_00432250,undefined FUN_00432250(void),??0BeamGun@@QAE@PAU_OBJ76@@PAVBeamGunClass@@@Z,1,201296
205488,FUN_004322b0,undefined FUN_004322b0(void),??_EBeamGun@@UAEPAXI@Z,1,201392
205760,FUN_004323c0,undefined FUN_004323c0(void),?Control@PopperGun@@UAEXM@Z,1,201664
207088,FUN_004328f0,undefined FUN_004328f0(void),?PostLoad@BettyVoice@@UAEXXZ,1,202992
214688,FUN_004346a0,undefined FUN_004346a0(void),?Load@Building@@UAE_NPAU_iobuf@@@Z,1,210592
232128,FUN_00438ac0,undefined FUN_00438ac0(void),??0ChargeGunClass@@QAE@XZ,1,228032
232368,FUN_00438bb0,undefined FUN_00438bb0(void),??0ChargeGunClass@@QAE@PAV0@_J@Z,1,228272
251472,FUN_0043d650,undefined FUN_0043d650(void),?_Construct_n@?$vector@URadarItem@@V?$allocator@URadarItem@@@std@@@std@@QAEXIPBURadarItem@@@Z,1,247376
260800,FUN_0043fac0,undefined FUN_0043fac0(void),?DrawRecurse@BoundingBox@@QAEXPAU_OBJ76@@PAUMAT_3D@@J@Z,1,256704
267760,FUN_004415f0,undefined FUN_004415f0(void),??_ECommTower@@UAEPAXI@Z,1,263664
268064,FUN_00441720,undefined FUN_00441720(void),?Init@CommTower@@UAEXH@Z,1,263968
275952,FUN_004435f0,undefined FUN_004435f0(void),?ChangeState@RigProcess@@MAEXXZ,1,271856
303024,FUN_00449fb0,undefined FUN_00449fb0(void),?SelectType@ControlPanel@@QAEXH@Z,1,298928
304992,FUN_0044a760,undefined FUN_0044a760(void),?SetCommand@ControlPanel@@QAEXW4AiCommand@@PAVGameObject@@@Z,1,300896
307248,FUN_0044b030,undefined FUN_0044b030(void),?Save@Craft@@UAE_NPAU_iobuf@@@Z,1,303152
308080,FUN_0044b370,undefined FUN_0044b370(void),?AddHealth@Craft@@UAEXM@Z,1,303984
316064,FUN_0044d2a0,undefined FUN_0044d2a0(void),?Simulate@Craft@@UAEXM@Z,1,311968
324496,FID_conflict:_Destroy,undefined FID_conflict:_Destroy(void),?AbandonPilot@Craft@@UAEXXZ,1,320400
325984,FID_conflict:_Grow_to,undefined FID_conflict:_Grow_to(void),?push_back@?$vector@PAVCraft@@V?$allocator@PAVCraft@@@std@@@std@@QAEXABQAVCraft@@@Z,1,321888
326592,"FID_conflict:_Ucopy<class_std::move_iterator<class_std::_Vector_iterator<class_std::_Vector_val<struct_std::_Simple_types<class_std::shared_ptr<struct_Concurrency::details::_Task_impl<struct_std::pair<unsigned_char,class_Concurrency::details::_CancellationTokenState*>_>_>_>_>_>_>_>","undefined FID_conflict:_Ucopy<class_std::move_iterator<class_std::_Vector_iterator<class_std::_Vector_val<struct_std::_Simple_types<class_std::shared_ptr<struct_Concurrency::details::_Task_impl<struct_std::pair<unsigned_char,class_Concurrency::details::_CancellationTokenState*>_>_>_>_>_>_>_>(void)",?UnTriggerAll@Carrier@@QAEXXZ,1,322496
326704,_Move<>,undefined _Move<>(void),?AddVelocity@GameObject@@QAEXABUVECTOR_3D@@@Z,1,322608
330320,construct<>,undefined construct<>(void),_crc32check,1,326224
330624,construct<>,undefined construct<>(void),_crc32mission,1,326528
334400,FUN_00451a40,undefined FUN_00451a40(void),?CleanState@SoldierAttack@@MAEXXZ,1,330304
334528,FUN_00451ac0,undefined FUN_00451ac0(void),?DoState@DefendTask@@MAEXXZ,1,330432
336544,FUN_004522a0,undefined FUN_004522a0(void),?Update@DemoMission@@UAEXXZ,1,332448
343568,CreateVirtualProcessor,undefined CreateVirtualProcessor(void),??$_Remove_if@V?$_List_unchecked_iterator@V?$_List_val@U?$_List_simple_types@PAUDisplayViewInfo@@@std@@@std@@@std@@UIsMyView@@@std@@YA?AV?$_List_unchecked_iterator@V?$_List_val@U?$_List_simple_types@PAUDisplayViewInfo@@@std@@@std@@@0@V10@0UIsMyView@@@Z,1,339472
344240,FUN_004540b0,undefined FUN_004540b0(void),??0DistributedObject@@QAE@XZ,1,340144
352624,FUN_00456170,undefined FUN_00456170(void),?SendBuf@DistributedObject@@SA_NPADH@Z,1,348528
356160,FUN_00456f40,undefined FUN_00456f40(void),??G?$_Deque_iterator@V?$_Deque_val@U?$_Deque_simple_types@UBASE_STRUCT@@@std@@@std@@@std@@QBE?AV01@H@Z,1,352064
356224,FUN_00456f80,undefined FUN_00456f80(void),?_Eqrange@?$_Tree@V?$_Tset_traits@PAVcUI_Observer@@U?$less@PAVcUI_Observer@@@std@@V?$allocator@PAVcUI_Observer@@@3@$0A@@std@@@std@@IAE?AU?$pair@V?$_Tree_const_iterator@V?$_Tree_val@U?$_Tree_simple_types@PAVcUI_Observer@@@std@@@std@@@std@@V12@@2@ABQAVcUI_Observer@@@Z,1,352128
368352,FUN_00459ee0,undefined FUN_00459ee0(void),?PostLoad@EditTerrain@@UAEXXZ,1,364256
377504,FUN_0045c2a0,undefined FUN_0045c2a0(void),?CreateBell@EditTerrain@@IAEXXZ,1,373408
377888,FUN_0045c420,undefined FUN_0045c420(void),?CmdSetFlat@EditTerrain@@IAEXPAGHHH@Z,1,373792
386080,FUN_0045e420,undefined FUN_0045e420(void),?ScreenToWorld@EditTerrain@@IAEHAAUVECTOR_3D@@AAUtagPOINT@@PAUCAMERA@@@Z,1,381984
386944,FUN_0045e780,undefined FUN_0045e780(void),?PushUndoGrid@EditTerrain@@IAEXHHHHH@Z,1,382848
391968,FUN_0045fb20,undefined FUN_0045fb20(void),??Y?$basic_string@DU?$char_traits@D@std@@V?$allocator@D@2@@std@@QAEAAV01@PBD@Z,1,387872
394864,FUN_00460670,undefined FUN_00460670(void),?PreLoad@ExplosionFeature@@EAEXXZ,1,390768
399584,FUN_004618e0,undefined FUN_004618e0(void),?SimulateAll@Explosion@@SAXM@Z,1,395488
400000,FUN_00461a80,undefined FUN_00461a80(void),??0ExplosionClass@@QAE@PAV0@_J@Z,1,395904
403408,FUN_004627d0,undefined FUN_004627d0(void),?GetRtimeClass@MUFFriend@@UAEPAVRtimeClass@@XZ,1,399312
412672,FUN_00464c00,undefined FUN_00464c00(void),?ConvertHandle@@YAHH@Z,1,408576
432064,FUN_004697c0,undefined FUN_004697c0(void),??$_Make_heap@PAPAVGameFeature@@HPAV1@VGFPostLoadPri@@@std@@YAXPAPAVGameFeature@@0VGFPostLoadPri@@PAH0@Z,1,427968
432288,FUN_004698a0,undefined FUN_004698a0(void),??$_Sort_heap@PAPAVGameFeature@@VGFPostLoadPri@@@std@@YAXPAPAVGameFeature@@0VGFPostLoadPri@@@Z,1,428192
432384,FUN_00469900,undefined FUN_00469900(void),??$_Insertion_sort1@PAPAVGameFeature@@VGFPostLoadPri@@PAV1@@std@@YAXPAPAVGameFeature@@0VGFPostLoadPri@@0@Z,1,428288
437968,FUN_0046aed0,undefined FUN_0046aed0(void),?RegCollision@GameObject@@UAE_NPAU_OBJ76@@PAUCLSN_INFO@@1@Z,1,433872
443232,FUN_0046c360,undefined FUN_0046c360(void),?SetCommand@GameObject@@QAEXAAUAiCmdInfo@@@Z,1,439136
457792,FUN_0046fc40,undefined FUN_0046fc40(void),?Find@GameObjectClass@@SAPAV1@_J@Z,1,453696
458560,FUN_0046ff40,undefined FUN_0046ff40(void),?Build@GameObjectClass@@QAEPAVGameObject@@AAUMAT_3D@@HHHPAD@Z,1,454464
461456,FUN_00470a90,undefined FUN_00470a90(void),?GetRtimeClass@GechFriend@@UAEPAVRtimeClass@@XZ,1,457360
464368,FUN_004715f0,undefined FUN_004715f0(void),?BuildClass@GeizerClass@@UAEPAVGameObjectClass@@_J@Z,1,460272
472944,FUN_00473770,undefined FUN_00473770(void),?InitState@GotoTask@@MAEXXZ,1,468848
473408,FUN_00473940,undefined FUN_00473940(void),?DoState@GotoTask@@MAEXXZ,1,469312
478944,FUN_00474ee0,undefined FUN_00474ee0(void),?Build@GroundBlastClass@@UAEPAVExplosion@@PAU_OBJ76@@@Z,1,474848
479392,FUN_004750a0,undefined FUN_004750a0(void),??_ECoastTask@@UAEPAXI@Z,1,475296
481984,FUN_00475ac0,undefined FUN_00475ac0(void),??0HoverCraft@@QAE@PAU_OBJ76@@PAVHoverCraftClass@@@Z,1,477888
488080,FUN_00477290,undefined FUN_00477290(void),?UpdateWeaponAim@Person@@MAEXM@Z,1,483984
497488,FUN_00479750,undefined FUN_00479750(void),?PostSimulate@HoverCraft@@UAEXM@Z,1,493392
506176,FUN_0047b940,undefined FUN_0047b940(void),?BuildClass@HowitzerClass@@UAEPAVGameObjectClass@@_J@Z,1,502080
506320,FUN_0047b9d0,undefined FUN_0047b9d0(void),?Build@HowitzerClass@@UAEPAVGameObject@@PAU_OBJ76@@@Z,1,502224
510032,FUN_0047c850,undefined FUN_0047c850(void),?UpdateTarget@ImageMissile@@MAEPAVGameObject@@XZ,1,505936
515056,FUN_0047dbf0,undefined FUN_0047dbf0(void),?CreateObject@Inst01Event@@SAPAVSObject@@XZ,1,510960
515104,FUN_0047dc20,undefined FUN_0047dc20(void),?Save@Inst01Event@@UAE_NPAU_iobuf@@@Z,1,511008
529104,FUN_004812d0,undefined FUN_004812d0(void),?Simulate@LightningFeature@@UAEXM@Z,1,525008
616624,_Uninitialized_move<>,undefined _Uninitialized_move<>(void),?CreateObject@Misn01Mission@@SAPAVSObject@@XZ,1,612528
631472,FUN_0049a2b0,undefined FUN_0049a2b0(void),?CreateObject@Misn03Mission@@SAPAVSObject@@XZ,1,627376
643632,FUN_0049d230,undefined FUN_0049d230(void),?Load@Misn04Mission@@UAE_NPAU_iobuf@@@Z,1,639536
700064,FUN_004aaea0,undefined FUN_004aaea0(void),?Update@Misn09Mission@@UAEXXZ,1,695968
741296,FUN_004b4fb0,undefined FUN_004b4fb0(void),?AddObject@Misn13Mission@@AAEXH@Z,1,737200
759744,FUN_004b97c0,undefined FUN_004b97c0(void),??_EMisn15Mission@@UAEPAXI@Z,1,755648
760784,FUN_004b9bd0,undefined FUN_004b9bd0(void),?Execute@Misn16Mission@@AAEXXZ,1,756688
786048,FUN_004bfe80,undefined FUN_004bfe80(void),??_EMisn18Mission@@UAEPAXI@Z,1,781952
835904,FUN_004cc140,undefined FUN_004cc140(void),?GetRtimeClass@Misns7Mission@@UAEPAVRtimeClass@@XZ,1,831808
837360,FUN_004cc6f0,undefined FUN_004cc6f0(void),?PostLoad@Misns8Mission@@UAE_NXZ,1,833264
855056,FUN_004d0c10,undefined FUN_004d0c10(void),??_EMPMission@@UAEPAXI@Z,1,850960
855248,FUN_004d0cd0,undefined FUN_004d0cd0(void),??1MultDMEvent@@UAE@XZ,1,851152
860912,FUN_004d22f0,undefined FUN_004d22f0(void),??_EMultGMission@@UAEPAXI@Z,1,856816
862080,FUN_004d2780,undefined FUN_004d2780(void),?SetTransform@GameObject@@QAEXAAUMAT_3D@@@Z,1,857984
863792,FUN_004d2e30,undefined FUN_004d2e30(void),??1MultSTMission@@UAE@XZ,1,859696
865312,FUN_004d3420,undefined FUN_004d3420(void),?SetMyFlag@@YAXXZ,1,861216
875584,FUN_004d5c40,undefined FUN_004d5c40(void),_Net_IsPlayerMuted,1,871488
876624,FUN_004d6050,undefined FUN_004d6050(void),?SendKill@Net@@SAXVCSteamID@@0H@Z,1,872528
881952,FUN_004d7520,undefined FUN_004d7520(void),??4?$basic_string@DU?$char_traits@D@std@@V?$allocator@D@2@@std@@QAEAAV01@$$QAV01@@Z,1,877856
883376,FUN_004d7ab0,undefined FUN_004d7ab0(void),??0?$basic_string@DU?$char_traits@D@std@@V?$allocator@D@2@@std@@QAE@$$QAV01@@Z,1,879280
885632,FUN_004d8380,undefined FUN_004d8380(void),??9CSteamID@@QBE_NABV0@@Z,1,881536
888320,FUN_004d8e00,undefined FUN_004d8e00(void),??1NetPlayer@@QAE@XZ,1,884224
890224,FUN_004d9570,undefined FUN_004d9570(void),?GetPlayerName@NetPlayer@@QAEPBDXZ,1,886128
898224,FUN_004db4b0,undefined FUN_004db4b0(void),?erase@?$_Tree@V?$_Tmap_traits@IV?$vector@EV?$allocator@E@std@@@std@@U?$less@I@2@V?$allocator@U?$pair@$$CBIV?$vector@EV?$allocator@E@std@@@std@@@std@@@2@$0A@@std@@@std@@QAEIABI@Z,1,894128
898400,FUN_004db560,undefined FUN_004db560(void),?erase@?$_Tree@V?$_Tmap_traits@VCSteamID@@PAVNetPlayer@@U?$less@VCSteamID@@@std@@V?$allocator@U?$pair@$$CBVCSteamID@@PAVNetPlayer@@@std@@@4@$0A@@std@@@std@@QAE?AV?$_Tree_iterator@V?$_Tree_val@U?$_Tree_simple_types@U?$pair@$$CBVCSteamID@@PAVNetPlayer@@@std@@@std@@@std@@@2@V?$_Tree_const_iterator@V?$_Tree_val@U?$_Tree_simple_types@U?$pair@$$CBVCSteamID@@PAVNetPlayer@@@std@@@std@@@std@@@2@0@Z,1,894304
899904,FUN_004dbb40,undefined FUN_004dbb40(void),?_Eqrange@?$_Tree@V?$_Tmap_traits@VCSteamID@@PAVNetPlayer@@U?$less@VCSteamID@@@std@@V?$allocator@U?$pair@$$CBVCSteamID@@PAVNetPlayer@@@std@@@4@$0A@@std@@@std@@IAE?AU?$pair@V?$_Tree_iterator@V?$_Tree_val@U?$_Tree_simple_types@U?$pair@$$CBVCSteamID@@PAVNetPlayer@@@std@@@std@@@std@@@std@@V12@@2@ABVCSteamID@@@Z,1,895808
901824,FUN_004dc2c0,undefined FUN_004dc2c0(void),?_Rrotate@?$_Tree@V?$_Tmap_traits@VCSteamID@@PAVNetPlayer@@U?$less@VCSteamID@@@std@@V?$allocator@U?$pair@$$CBVCSteamID@@PAVNetPlayer@@@std@@@4@$0A@@std@@@std@@IAEXPAU?$_Tree_node@U?$pair@$$CBVCSteamID@@PAVNetPlayer@@@std@@PAX@2@@Z,1,897728
915440,FUN_004df7f0,undefined FUN_004df7f0(void),?PostLoad@UnitProcess@@UAE_NXZ,1,911344
917104,FUN_004dfe70,undefined FUN_004dfe70(void),?DoSubTask@OffensiveProcess@@MAE_NXZ,1,913008
917840,FUN_004e0150,undefined FUN_004e0150(void),?WaitVsAttack@OffensiveProcess@@IAE_NXZ,1,913744
926304,FUN_004e2260,undefined FUN_004e2260(void),?erase@?$_Tree@V?$_Tmap_traits@U?$pair@VCSteamID@@G@std@@PAVOrdnance@@U?$less@U?$pair@VCSteamID@@G@std@@@2@V?$allocator@U?$pair@$$CBU?$pair@VCSteamID@@G@std@@PAVOrdnance@@@std@@@2@$0A@@std@@@std@@QAE?AV?$_Tree_iterator@V?$_Tree_val@U?$_Tree_simple_types@U?$pair@$$CBU?$pair@VCSteamID@@G@std@@PAVOrdnance@@@std@@@std@@@std@@@2@V?$_Tree_const_iterator@V?$_Tree_val@U?$_Tree_simple_types@U?$pair@$$CBU?$pair@VCSteamID@@G@std@@PAVOrdnance@@@std@@@std@@@std@@@2@0@Z,1,922208
926512,FUN_004e2330,undefined FUN_004e2330(void),?clear@?$list@PAVOrdnance@@V?$allocator@PAVOrdnance@@@std@@@std@@QAEXXZ,1,922416
932240,FUN_004e3990,undefined FUN_004e3990(void),?Init@OverView@@UAEXXZ,1,928144
935728,FUN_004e4730,undefined FUN_004e4730(void),?SetObject@OverView@@QAEXPAVGameObject@@@Z,1,931632
936848,FUN_004e4b90,undefined FUN_004e4b90(void),?PostRun@ParameterDBFeature@@UAEXXZ,1,932752
940656,FUN_004e5a70,undefined FUN_004e5a70(void),?Get@ParameterDB@@QBE_NIIPAPBVParticleSimulateClass@@PBV2@@Z,1,936560
950512,FUN_004e80f0,undefined FUN_004e80f0(void),?Link@NodeNeighbor@@SAXPAUStrip@@0@Z,1,946416
953648,FUN_004e8d30,undefined FUN_004e8d30(void),?MakePath@@YAXPAUStrip@@PAVPathPlan@@@Z,1,949552
979136,FUN_004ef0c0,undefined FUN_004ef0c0(void),?DrawPriorities@PathDisplay@@IAEXXZ,1,975040
987872,FUN_004f12e0,undefined FUN_004f12e0(void),?EditPathName@PathDisplay@@IAE_NXZ,1,983776
1009776,FUN_004f6870,undefined FUN_004f6870(void),?RegCollision@Person@@UAE_NPAU_OBJ76@@PAUCLSN_INFO@@1@Z,1,1005680
1010464,FUN_004f6b20,undefined FUN_004f6b20(void),?UnPackTempState@Person@@UAEXPAXPAI@Z,1,1006368
1013056,FUN_004f7540,undefined FUN_004f7540(void),??0PersonClass@@QAE@XZ,1,1008960
1020416,FUN_004f9200,undefined FUN_004f9200(void),??0PersonStraight@@QAE@PAVCraft@@PAVGameObject@@@Z,1,1016320
1040128,FUN_004fdf00,undefined FUN_004fdf00(void),?GetRtimeClass@PowerUpProcess@@UAEPAVRtimeClass@@XZ,1,1036032
1056592,FUN_00501f50,undefined FUN_00501f50(void),?GetAmmoGauge@Producer@@UAEMXZ,1,1052496
1060992,FUN_00503080,undefined FUN_00503080(void),?Cleanup@ProximityMine@@UAEXXZ,1,1056896
1063808,FUN_00503b80,undefined FUN_00503b80(void),??_ERadarDamper@@UAEPAXI@Z,1,1059712
1063856,FUN_00503bb0,undefined FUN_00503bb0(void),??1RadarDamper@@UAE@XZ,1,1059760
1063952,FUN_00503c10,undefined FUN_00503c10(void),?Activate@RadarDamper@@UAEXXZ,1,1059856
1064464,FUN_00503e10,undefined FUN_00503e10(void),?Simulate@RadarLauncher@@UAEXM@Z,1,1060368
1066848,FUN_00504760,undefined FUN_00504760(void),?Cleanup@Recycler@@UAEXXZ,1,1062752
1067008,FUN_00504800,undefined FUN_00504800(void),?Load@Recycler@@UAE_NPAU_iobuf@@@Z,1,1062912
1068000,FUN_00504be0,undefined FUN_00504be0(void),?Save@RecyclerProcess@@UAE_NPAU_iobuf@@@Z,1,1063904
1069712,FUN_00505290,undefined FUN_00505290(void),?InitState@RecyclerProcess@@IAEXXZ,1,1065616
1071632,FUN_00505a10,undefined FUN_00505a10(void),?ChangeState@RecyclerProcess@@IAEXW4AiCommand@@@Z,1,1067536
1075312,FUN_00506870,undefined FUN_00506870(void),?DrawStateA@RecycleTask@@UAEXXZ,1,1071216
1077616,FUN_00507170,undefined FUN_00507170(void),?InitGotoScrap@RecycleTask@@IAEXXZ,1,1073520
1083376,FUN_005087f0,undefined FUN_005087f0(void),??0ScavGotoRepair@@QAE@PAVCraft@@PAVGameObject@@@Z,1,1079280
1095344,FUN_0050b6b0,undefined FUN_0050b6b0(void),?Render@Reticle@@UAEXXZ,1,1091248
1097728,FUN_0050c000,undefined FUN_0050c000(void),??0Rocket@@QAE@PAU_OBJ76@@PAVRocketClass@@@Z,1,1093632
1126176,FUN_00512f20,undefined FUN_00512f20(void),??1ScrapDropoff@@UAE@XZ,1,1122080
1126512,FUN_00513070,undefined FUN_00513070(void),?PreLoad@ScrapFieldFeature@@UAEXXZ,1,1122416
1133376,FUN_00514b40,undefined FUN_00514b40(void),?IsAlive@@YA_NAAH@Z,1,1129280
1150048,FUN_00518c60,undefined FUN_00518c60(void),?HopOut@@YAXH@Z,1,1145952
1151568,FUN_00519250,undefined FUN_00519250(void),?CameraReady@@YA_NXZ,1,1147472
1191856,FUN_00522fb0,undefined FUN_00522fb0(void),??_ESpawnBuoy@@UAEPAXI@Z,1,1187760
1192048,FUN_00523070,undefined FUN_00523070(void),?Init@SpawnBuoy@@UAEXH@Z,1,1187952
1213136,FUN_005282d0,undefined FUN_005282d0(void),?Trigger@TargetingGun@@UAEXXZ,1,1209040
1213168,FUN_005282f0,undefined FUN_005282f0(void),?UnTrigger@TargetingGun@@UAEXXZ,1,1209072
1249232,FUN_00530fd0,undefined FUN_00530fd0(void),?AddObject@Tran05Mission@@UAEXPAVGameObject@@@Z,1,1245136
1250432,FUN_00531480,undefined FUN_00531480(void),??1Tug@@UAE@XZ,1,1246336
1250624,FUN_00531540,undefined FUN_00531540(void),?PostLoad@Tug@@UAE_NXZ,1,1246528
1262752,FUN_005344a0,undefined FUN_005344a0(void),?GetRtimeClass@TugFriend@@UAEPAVRtimeClass@@XZ,1,1258656
1262800,FUN_005344d0,undefined FUN_005344d0(void),?CreateObject@TugEnemy@@SAPAVSObject@@XZ,1,1258704
1286224,FUN_0053a050,undefined FUN_0053a050(void),?Load@TurretTankProcess@@UAE_NPAU_iobuf@@@Z,1,1282128
1287920,FUN_0053a6f0,undefined FUN_0053a6f0(void),?InitWait@TurretTankProcess@@MAEXXZ,1,1283824
1288784,FUN_0053aa50,undefined FUN_0053aa50(void),?CreateObject@TurretBlastAttack@@SAPAVSObject@@XZ,1,1284688
1333568,FUN_00545940,undefined FUN_00545940(void),?LookInLocalDir@UnitTask@@IAEXABUVECTOR_3D@@@Z,1,1329472
1460080,FUN_00564770,undefined FUN_00564770(void),_Submit_Scrounge_Objects,1,1455984
1486496,FUN_0056aea0,undefined FUN_0056aea0(void),?listFileInfo@Ogre76Archive@@UAE?AV?$SharedPtr@V?$vector@UFileInfo@Ogre@@V?$STLAllocator@UFileInfo@Ogre@@V?$CategorisedAllocPolicy@$0A@@2@@2@@std@@@Ogre@@_N0@Z,1,1482400
1490128,FUN_0056bcd0,undefined FUN_0056bcd0(void),??0?$basic_ifstream@DU?$char_traits@D@std@@@std@@QAE@XZ,1,1486032
1491264,FUN_0056c140,undefined FUN_0056c140(void),??1?$_Wrap_alloc@V?$STLAllocator@U?$pair@HV?$basic_string@DU?$char_traits@D@std@@V?$allocator@D@2@@std@@@std@@V?$CategorisedAllocPolicy@$0A@@Ogre@@@Ogre@@@std@@UAE@XZ,1,1487168
1493536,FUN_0056ca20,undefined FUN_0056ca20(void),?_Lbound@?$_Tree@V?$_Tmap_traits@U?$pair@HV?$basic_string@DU?$char_traits@D@std@@V?$allocator@D@2@@std@@@std@@V?$map@UStringHash@@UFileInfo@Ogre@@U?$less@UStringHash@@@std@@V?$STLAllocator@U?$pair@$$CBUStringHash@@UFileInfo@Ogre@@@std@@V?$CategorisedAllocPolicy@$0A@@Ogre@@@3@@2@U?$less@U?$pair@HV?$basic_string@DU?$char_traits@D@std@@V?$allocator@D@2@@std@@@std@@@2@V?$STLAllocator@U?$pair@$$CBU?$pair@HV?$basic_string@DU?$char_traits@D@std@@V?$allocator@D@2@@std@@@std@@V?$map@UStringHash@@UFileInfo@Ogre@@U?$less@UStringHash@@@std@@V?$STLAllocator@U?$pair@$$CBUStringHash@@UFileInfo@Ogre@@@std@@V?$CategorisedAllocPolicy@$0A@@Ogre@@@3@@2@@std@@V?$CategorisedAllocPolicy@$0A@@Ogre@@@Ogre@@$0A@@std@@@std@@IBEPAU?$_Tree_node@U?$pair@$$CBU?$pair@HV?$basic_string@DU?$char_traits@D@std@@V?$allocator@D@2@@std@@@std@@V?$map@UStringHash@@UFileInfo@Ogre@@U?$less@UStringHash@@@std@@V?$STLAllocator@U?$pair@$$CBUStringHash@@UFileInfo@Ogre@@@std@@V?$CategorisedAllocPolicy@$0A@@Ogre@@@3@@2@@std@@PAX@2@ABU?$pair@HV?$basic_string@DU?$char_traits@D@std@@V?$allocator@D@2@@std@@@2@@Z,1,1489440
1494976,FUN_0056cfc0,undefined FUN_0056cfc0(void),?_Erase@?$_Tree@V?$_Tmap_traits@UStringHash@@UFileInfo@Ogre@@U?$less@UStringHash@@@std@@V?$STLAllocator@U?$pair@$$CBUStringHash@@UFileInfo@Ogre@@@std@@V?$CategorisedAllocPolicy@$0A@@Ogre@@@3@$0A@@std@@@std@@IAEXPAU?$_Tree_node@U?$pair@$$CBUStringHash@@UFileInfo@Ogre@@@std@@PAX@2@@Z,1,1490880
1497264,FUN_0056d8b0,undefined FUN_0056d8b0(void),??$_Copy@U?$integral_constant@_N$0A@@std@@@?$_Tree@V?$_Tmap_traits@UStringHash@@UFileInfo@Ogre@@U?$less@UStringHash@@@std@@V?$STLAllocator@U?$pair@$$CBUStringHash@@UFileInfo@Ogre@@@std@@V?$CategorisedAllocPolicy@$0A@@Ogre@@@3@$0A@@std@@@std@@IAEXABV01@U?$integral_constant@_N$0A@@1@@Z,1,1493168
1505344,FUN_0056f840,undefined FUN_0056f840(void),??$_Insert_nohint@AAU?$pair@$$CBV?$basic_string@DU?$char_traits@D@std@@V?$allocator@D@2@@std@@UFileInfo@Ogre@@@std@@PAU?$_Tree_node@U?$pair@$$CBV?$basic_string@DU?$char_traits@D@std@@V?$allocator@D@2@@std@@UFileInfo@Ogre@@@std@@PAX@2@@?$_Tree@V?$_Tmap_traits@V?$basic_string@DU?$char_traits@D@std@@V?$allocator@D@2@@std@@UFileInfo@Ogre@@U?$less@V?$basic_string@DU?$char_traits@D@std@@V?$allocator@D@2@@std@@@2@V?$allocator@U?$pair@$$CBV?$basic_string@DU?$char_traits@D@std@@V?$allocator@D@2@@std@@UFileInfo@Ogre@@@std@@@2@$0A@@std@@@std@@IAE?AU?$pair@V?$_Tree_iterator@V?$_Tree_val@U?$_Tree_simple_types@U?$pair@$$CBV?$basic_string@DU?$char_traits@D@std@@V?$allocator@D@2@@std@@UFileInfo@Ogre@@@std@@@std@@@std@@@std@@_N@1@_NAAU?$pair@$$CBV?$basic_string@DU?$char_traits@D@std@@V?$allocator@D@2@@std@@UFileInfo@Ogre@@@1@PAU?$_Tree_node@U?$pair@$$CBV?$basic_string@DU?$char_traits@D@std@@V?$allocator@D@2@@std@@UFileInfo@Ogre@@@std@@PAX@1@@Z,1,1501248
1514592,FUN_00571c60,undefined FUN_00571c60(void),??$?0V?$tuple@ABU?$pair@HV?$basic_string@DU?$char_traits@D@std@@V?$allocator@D@2@@std@@@std@@@std@@V?$tuple@$$$V@1@$0A@$S@?$pair@$$CBU?$pair@HV?$basic_string@DU?$char_traits@D@std@@V?$allocator@D@2@@std@@@std@@V?$map@UStringHash@@UFileInfo@Ogre@@U?$less@UStringHash@@@std@@V?$STLAllocator@U?$pair@$$CBUStringHash@@UFileInfo@Ogre@@@std@@V?$CategorisedAllocPolicy@$0A@@Ogre@@@3@@2@@std@@QAE@AAV?$tuple@ABU?$pair@HV?$basic_string@DU?$char_traits@D@std@@V?$allocator@D@2@@std@@@std@@@1@AAV?$tuple@$$$V@1@U?$_Arg_idx@$0A@@1@U?$_Arg_idx@$S@1@@Z,1,1510496
1514752,FUN_00571d00,undefined FUN_00571d00(void),??$swap@D$0BA@@std@@YAXAAY0BA@D0@Z,1,1510656
1517456,FUN_00572790,undefined FUN_00572790(void),?append@?$basic_string@DU?$char_traits@D@std@@V?$allocator@D@2@@std@@QAEAAV12@ID@Z,1,1513360
1518176,FUN_00572a60,undefined FUN_00572a60(void),??_E?$STLAllocator@U?$pair@$$CBU?$pair@HV?$basic_string@DU?$char_traits@D@std@@V?$allocator@D@2@@std@@@std@@V?$map@UStringHash@@UFileInfo@Ogre@@U?$less@UStringHash@@@std@@V?$STLAllocator@U?$pair@$$CBUStringHash@@UFileInfo@Ogre@@@std@@V?$CategorisedAllocPolicy@$0A@@Ogre@@@3@@2@@std@@V?$CategorisedAllocPolicy@$0A@@Ogre@@@Ogre@@UAEPAXI@Z,1,1514080
1518288,FUN_00572ad0,undefined FUN_00572ad0(void),??1?$STLAllocator@U?$pair@$$CBUStringHash@@UFileInfo@Ogre@@@std@@V?$CategorisedAllocPolicy@$0A@@Ogre@@@Ogre@@UAE@XZ,1,1514192
1518544,FUN_00572bd0,undefined FUN_00572bd0(void),??1recursive_mutex@boost@@QAE@XZ,1,1514448
1518592,FUN_00572c00,undefined FUN_00572c00(void),?getMovableType@DynamicGeometry@@UBEABV?$basic_string@DU?$char_traits@D@std@@V?$allocator@D@2@@std@@XZ,1,1514496
1522784,FUN_00573c60,undefined FUN_00573c60(void),?beginOcclusionQuery@DynamicGeometry@@QAEPAVOcclusionQueryBatch@1@ABV?$SharedPtr@VMaterial@Ogre@@@Ogre@@W4OperationType@RenderOperation@4@M@Z,1,1518688
1524736,FUN_00574400,undefined FUN_00574400(void),?push_back@?$vector@VHardwareVertexBufferSharedPtr@Ogre@@V?$allocator@VHardwareVertexBufferSharedPtr@Ogre@@@std@@@std@@QAEX$$QAVHardwareVertexBufferSharedPtr@Ogre@@@Z,1,1520640
1526288,FUN_00574a10,undefined FUN_00574a10(void),??$_Uninit_move@PAVHardwareIndexBufferSharedPtr@Ogre@@PAV12@V?$allocator@VHardwareIndexBufferSharedPtr@Ogre@@@std@@V12@@std@@YAPAVHardwareIndexBufferSharedPtr@Ogre@@PAV12@00AAU?$_Wrap_alloc@V?$allocator@VHardwareIndexBufferSharedPtr@Ogre@@@std@@@0@0U_Nonscalar_ptr_iterator_tag@0@@Z,1,1522192
1526672,FUN_00574b90,undefined FUN_00574b90(void),_OgreClearScreen,1,1522576
1526832,FUN_00574c30,undefined FUN_00574c30(void),_OgreClearSniperScope,1,1522736
1553632,FUN_0057b4e0,undefined FUN_0057b4e0(void),_OgreDrawLine,1,1549536
1570096,FUN_0057f530,undefined FUN_0057f530(void),_Add_Light_Source,1,1566000
1575264,FUN_00580960,undefined FUN_00580960(void),_ReadSpriteTableFile,1,1571168
1580576,FUN_00581e20,undefined FUN_00581e20(void),_DrawScaledSprite,1,1576480
1592736,FUN_00584da0,undefined FUN_00584da0(void),_AI_SpentCreditRemove,1,1588640
1595040,FUN_005856a0,undefined FUN_005856a0(void),?AIBuild_ReservedAreaIsAreaReserved@@YAHHHHHH@Z,1,1590944
1595696,FUN_00585930,undefined FUN_00585930(void),?AIBuild_ResourceListFind@@YAHHHPAH0@Z,1,1591600
1598016,FUN_00586240,undefined FUN_00586240(void),?AIBuildListGeneratePriorityLevel_RATIO_TO_HAVE@@YAHPAUtag_team@@PAUtagCP_PRIORITY_LEVEL@@H@Z,1,1593920
1608656,FUN_00588bd0,undefined FUN_00588bd0(void),_AIBuild_PriorityLevelNodeIs,1,1604560
1614720,FUN_0058a380,undefined FUN_0058a380(void),_AI_Match_Init,1,1610624
1615408,FUN_0058a630,undefined FUN_0058a630(void),_AI_Parts_AddBuildingToTeam,1,1611312
1616032,FUN_0058a8a0,undefined FUN_0058a8a0(void),?AITeam_TargetsDelete@@YAXPAUtag_team@@@Z,1,1611936
1616560,FUN_0058aab0,undefined FUN_0058aab0(void),_AI_Team_New,1,1612464
1624080,FUN_0058c810,undefined FUN_0058c810(void),??0Escort_Goal@@QAE@PAVScavengerProcess@@PAVGameObject@@HHMPAUtag_strategy_map@@PAUtag_team@@@Z,1,1619984
1624304,FUN_0058c8f0,undefined FUN_0058c8f0(void),?Is_Satisfied@Escort_Goal@@UAEHPAH@Z,1,1620208
1628496,FUN_0058d950,undefined FUN_0058d950(void),?Is_Goal_Undercommitted@Goal@@UAEHXZ,1,1624400
1644144,FUN_00591670,undefined FUN_00591670(void),?Compute_Raw_Priority@Mapgrid_Goal@@UAEMXZ,1,1640048
1650256,construct<>,undefined construct<>(void),??_EUnitAttachment@@UAEPAXI@Z,1,1646160
1654176,FUN_00593da0,undefined FUN_00593da0(void),??0FindSendPoints@@QAE@PAVAiMission@@@Z,1,1650080
1673568,FUN_00598960,undefined FUN_00598960(void),_Team_GetRelation,1,1669472
1691424,FUN_0059cf20,undefined FUN_0059cf20(void),?SettingsCheck@CSteamLobby@@AAE_NAAVcLobby@@_N@Z,1,1687328
1692480,FUN_0059d340,undefined FUN_0059d340(void),??0cGameSettings@@QAE@ABV0@@Z,1,1688384
1718432,FUN_005a38a0,undefined FUN_005a38a0(void),?pop_back@?$deque@V?$basic_string@DU?$char_traits@D@std@@V?$allocator@D@2@@std@@V?$allocator@V?$basic_string@DU?$char_traits@D@std@@V?$allocator@D@2@@std@@@2@@std@@QAEXXZ,1,1714336
1718512,FUN_005a38f0,undefined FUN_005a38f0(void),?push_back@?$list@VcLobby@@V?$allocator@VcLobby@@@std@@@std@@QAEX$$QAVcLobby@@@Z,1,1714416
1718592,FUN_005a3940,undefined FUN_005a3940(void),?Set@?$CCallResult@VCSteamLobby@@ULobbyMatchList_t@@@@QAEX_KPAVCSteamLobby@@P82@AEXPAULobbyMatchList_t@@_N@Z@Z,1,1714496
1718672,FUN_005a3990,undefined FUN_005a3990(void),??1?$CCallResult@VCSteamLobby@@ULobbyMatchList_t@@@@QAE@XZ,1,1714576
1718832,FUN_005a3a30,undefined FUN_005a3a30(void),??1?$date_generator_formatter@Vdate@gregorian@boost@@DV?$ostreambuf_iterator@DU?$char_traits@D@std@@@std@@@date_time@boost@@QAE@XZ,1,1714736
1719104,FUN_005a3b40,undefined FUN_005a3b40(void),?find@?$_Tree@V?$_Tset_traits@VCSteamID@@U?$less@VCSteamID@@@std@@V?$allocator@VCSteamID@@@3@$0A@@std@@@std@@QAE?AV?$_Tree_const_iterator@V?$_Tree_val@U?$_Tree_simple_types@VCSteamID@@@std@@@std@@@2@ABVCSteamID@@@Z,1,1715008
1719376,FUN_005a3c50,undefined FUN_005a3c50(void),??0?$basic_istringstream@DU?$char_traits@D@std@@V?$allocator@D@2@@std@@QAE@ABV?$basic_string@DU?$char_traits@D@std@@V?$allocator@D@2@@1@H@Z,1,1715280
1722064,FUN_005a46d0,undefined FUN_005a46d0(void),??$somethingToString@_K@@YA?AV?$basic_string@DU?$char_traits@D@std@@V?$allocator@D@2@@std@@AB_K_N@Z,1,1717968
1722640,FUN_005a4910,undefined FUN_005a4910(void),?find@?$_Tree@V?$_Tmap_traits@UEntry@?$CSimpleIniTempl@DU?$SI_NoCase@D@@V?$SI_ConvertA@D@@@@V?$multimap@UEntry@?$CSimpleIniTempl@DU?$SI_NoCase@D@@V?$SI_ConvertA@D@@@@PBDUKeyOrder@12@V?$allocator@U?$pair@$$CBUEntry@?$CSimpleIniTempl@DU?$SI_NoCase@D@@V?$SI_ConvertA@D@@@@PBD@std@@@std@@@std@@UKeyOrder@12@V?$allocator@U?$pair@$$CBUEntry@?$CSimpleIniTempl@DU?$SI_NoCase@D@@V?$SI_ConvertA@D@@@@V?$multimap@UEntry@?$CSimpleIniTempl@DU?$SI_NoCase@D@@V?$SI_ConvertA@D@@@@PBDUKeyOrder@12@V?$allocator@U?$pair@$$CBUEntry@?$CSimpleIniTempl@DU?$SI_NoCase@D@@V?$SI_ConvertA@D@@@@PBD@std@@@std@@@std@@@std@@@4@$0A@@std@@@std@@QBE?AV?$_Tree_const_iterator@V?$_Tree_val@U?$_Tree_simple_types@U?$pair@$$CBUEntry@?$CSimpleIniTempl@DU?$SI_NoCase@D@@V?$SI_ConvertA@D@@@@V?$multimap@UEntry@?$CSimpleIniTempl@DU?$SI_NoCase@D@@V?$SI_ConvertA@D@@@@PBDUKeyOrder@12@V?$allocator@U?$pair@$$CBUEntry@?$CSimpleIniTempl@DU?$SI_NoCase@D@@V?$SI_ConvertA@D@@@@PBD@std@@@std@@@std@@@std@@@std@@@std@@@2@ABUEntry@?$CSimpleIniTempl@DU?$SI_NoCase@D@@V?$SI_ConvertA@D@@@@@Z,1,1718544
1724336,FUN_005a4fb0,undefined FUN_005a4fb0(void),?LoadFile@?$CSimpleIniTempl@DU?$SI_NoCase@D@@V?$SI_ConvertA@D@@@@QAE?AW4SI_Error@@PAU_iobuf@@@Z,1,1720240
1726848,FUN_005a5980,undefined FUN_005a5980(void),?FindEntry@?$CSimpleIniTempl@DU?$SI_NoCase@D@@V?$SI_ConvertA@D@@@@ABE_NAAPADAAPBD111@Z,1,1722752
1728592,FUN_005a6050,undefined FUN_005a6050(void),??1?$pair@$$CBUEntry@?$CSimpleIniTempl@DU?$SI_NoCase@D@@V?$SI_ConvertA@D@@@@V?$multimap@UEntry@?$CSimpleIniTempl@DU?$SI_NoCase@D@@V?$SI_ConvertA@D@@@@PBDUKeyOrder@12@V?$allocator@U?$pair@$$CBUEntry@?$CSimpleIniTempl@DU?$SI_NoCase@D@@V?$SI_ConvertA@D@@@@PBD@std@@@std@@@std@@@std@@QAE@XZ,1,1724496
1729008,FUN_005a61f0,undefined FUN_005a61f0(void),?CopyString@?$CSimpleIniTempl@DU?$SI_NoCase@D@@V?$SI_ConvertA@D@@@@AAE?AW4SI_Error@@AAPBD@Z,1,1724912
1733600,FUN_005a73e0,undefined FUN_005a73e0(void),?GetCallbackSizeBytes@?$CCallResult@VCSteamLobby@@ULobbyMatchList_t@@@@EAEHXZ,1,1729504
1733888,FUN_005a7500,undefined FUN_005a7500(void),?to_string@std@@YA?AV?$basic_string@DU?$char_traits@D@std@@V?$allocator@D@2@@1@I@Z,1,1729792
1734096,FUN_005a75d0,undefined FUN_005a75d0(void),?right@std@@YAAAVios_base@1@AAV21@@Z,1,1730000
1781616,FUN_005b2f70,undefined FUN_005b2f70(void),_Close_AnimatedSky,1,1777520
1794752,FUN_005b62c0,undefined FUN_005b62c0(void),?SetClusterVisibility@cRenderableZoneCluster@@QAEX_N@Z,1,1790656
1795040,FUN_005b63e0,undefined FUN_005b63e0(void),?PopulateVertices@cRenderableZoneCluster@@AAEXAAV?$SharedPtr@VMesh@Ogre@@@Ogre@@HH@Z,1,1790944
1810944,FUN_005ba200,undefined FUN_005ba200(void),??0?$_Hash@V?$_Umap_traits@IUAtlasRect@cRenderableTileClusterManager@@V?$_Uhash_compare@IU?$hash@I@std@@U?$equal_to@I@2@@std@@V?$allocator@U?$pair@$$CBIUAtlasRect@cRenderableTileClusterManager@@@std@@@4@$0A@@std@@@std@@QAE@ABV?$_Uhash_compare@IU?$hash@I@std@@U?$equal_to@I@2@@1@ABV?$allocator@U?$pair@$$CBIUAtlasRect@cRenderableTileClusterManager@@@std@@@1@@Z,1,1806848
1841168,FUN_005c1810,undefined FUN_005c1810(void),_Terrain_FindFloor,1,1837072
1849008,FUN_005c36b0,undefined FUN_005c36b0(void),_ZSORTDraw,1,1844912
1850880,FUN_005c3e00,undefined FUN_005c3e00(void),_GetINIInt,1,1846784
1857136,FUN_005c5670,undefined FUN_005c5670(void),?KeyReleased@cUI_SinglePlayer@@UAE_NAAUtagMSG@@@Z,1,1853040
1857296,FUN_005c5710,undefined FUN_005c5710(void),?Click_Load_1@@YAXXZ,1,1853200
1857616,FUN_005c5850,undefined FUN_005c5850(void),?Click_Load_5@@YAXXZ,1,1853520
1859456,FUN_005c5f80,undefined FUN_005c5f80(void),??_EcUI_Load@@UAEPAXI@Z,1,1855360
1860400,FUN_005c6330,undefined FUN_005c6330(void),?RenderAdditionalInfo@cUI_Loading@@QAEXXZ,1,1856304
1868320,FUN_005c8220,undefined FUN_005c8220(void),?ClickBack_ArchivesTraining@@YAXXZ,1,1864224
1868368,FUN_005c8250,undefined FUN_005c8250(void),?ClickLaunch_ArchivesTraining@@YAXXZ,1,1864272
1871312,FUN_005c8dd0,undefined FUN_005c8dd0(void),?Click_Back@cUI_MissionArchivesUSA@@QAEXXZ,1,1867216
1872000,FUN_005c9080,undefined FUN_005c9080(void),??0cUI_MissionArchivesUSA@@QAE@XZ,1,1867904
1877104,FUN_005ca470,undefined FUN_005ca470(void),?Click_Restart@cUI_MissionFailed@@QAEXXZ,1,1873008
1878912,FUN_005cab80,undefined FUN_005cab80(void),??_EcUI_MissionFailed@@UAEPAXI@Z,1,1874816
1878992,FUN_005cabd0,undefined FUN_005cabd0(void),?ClickNext_Success@@YAXXZ,1,1874896
1879168,FUN_005cac80,undefined FUN_005cac80(void),?Click_Next@cUI_MissionSuccess@@QAEXXZ,1,1875072
1879600,FUN_005cae30,undefined FUN_005cae30(void),?KeyPressed@cUI_MissionSuccess@@UAE_NAAUtagMSG@@@Z,1,1875504
1880784,FUN_005cb2d0,undefined FUN_005cb2d0(void),?DisplayResult@cUI_MissionSuccess@@QAEXXZ,1,1876688
1883792,FUN_005cbe90,undefined FUN_005cbe90(void),??_EcUI_MissionSuccess@@UAEPAXI@Z,1,1879696
1883952,FUN_005cbf30,undefined FUN_005cbf30(void),?ClickArchive_Training@@YAXXZ,1,1879856
1884128,FUN_005cbfe0,undefined FUN_005cbfe0(void),?Click_Launch@cUI_MissionTraining@@QAEXXZ,1,1880032
1887024,FUN_005ccb30,undefined FUN_005ccb30(void),??_EcUI_MissionTraining@@UAEPAXI@Z,1,1882928
1890688,FUN_005cd980,undefined FUN_005cd980(void),?ClickBack_USSR@@YAXXZ,1,1886592
1893936,FUN_005ce630,undefined FUN_005ce630(void),??_EcUI_MissionUSSR@@UAEPAXI@Z,1,1889840
1894112,FUN_005ce6e0,undefined FUN_005ce6e0(void),?ClickPageUp_Inactive@@YAXXZ,1,1890016
1916464,FUN_005d3e30,undefined FUN_005d3e30(void),?GameSettingONOFFButtonClicked@cUI_Multiplayer_Create@@AAEXAA_NPAVcUI_Multiplayer_SettingButton@@V?$basic_string@DU?$char_traits@D@std@@V?$allocator@D@2@@std@@@Z,1,1912368
1919184,FUN_005d48d0,undefined FUN_005d48d0(void),?Callback_Settings_CommSat@cUI_Multiplayer_Create@@QAEXXZ,1,1915088
1926432,FUN_005d6520,undefined FUN_005d6520(void),??$_Rotate@PAV?$basic_string@DU?$char_traits@D@std@@V?$allocator@D@2@@std@@HV12@@std@@YAXPAV?$basic_string@DU?$char_traits@D@std@@V?$allocator@D@2@@0@00PAH0@Z,1,1922336
1927888,FUN_005d6ad0,undefined FUN_005d6ad0(void),?OkName@cUI_MultiPlayer_Lobby@@QAEXXZ,1,1923792
1929392,FUN_005d70b0,undefined FUN_005d70b0(void),?Click_CreateRoom@cUI_MultiPlayer_Lobby@@QAEXXZ,1,1925296
1949008,FUN_005dbd50,undefined FUN_005dbd50(void),?SetDefaultSelectedMap@cUI_Multiplayer_MapSelect@@QAEXPBD@Z,1,1944912
1949344,FUN_005dbea0,undefined FUN_005dbea0(void),?SetSelectedMap@cUI_Multiplayer_MapSelect@@QAEXABV?$basic_string@DU?$char_traits@D@std@@V?$allocator@D@2@@std@@@Z,1,1945248
1970128,FUN_005e0fd0,undefined FUN_005e0fd0(void),?setLobbyList@cUI_Multiplayer_UserSelect@@QAEXXZ,1,1966032
1971824,FUN_005e1670,undefined FUN_005e1670(void),?ClickMapSelectPageRight_MultiPlayer_VehicleSelect@@YAXXZ,1,1967728
1973088,FUN_005e1b60,undefined FUN_005e1b60(void),??1cUI_Multiplayer_VehicleSelect@@QAE@XZ,1,1968992
1988576,FUN_005e57e0,undefined FUN_005e57e0(void),??_EcUI_OptionsGraphics@@UAEPAXI@Z,1,1984480
1989648,FUN_005e5c10,undefined FUN_005e5c10(void),?gOpt_Click_Down@@YAXXZ,1,1985552
1989776,FUN_005e5c90,undefined FUN_005e5c90(void),?gOpt_Click_StrafeRight@@YAXXZ,1,1985680
2008432,FUN_005ea570,undefined FUN_005ea570(void),??_EcUI_OptionsPlay@@UAEPAXI@Z,1,2004336
2008608,FUN_005ea620,undefined FUN_005ea620(void),?Click_Save_4@@YAXXZ,1,2004512
2010320,FUN_005eacd0,undefined FUN_005eacd0(void),?Click_Yes@cUI_Save@@QAEXXZ,1,2006224
2015776,FUN_005ec220,undefined FUN_005ec220(void),??_EcUI_SinglePlayer@@UAEPAXI@Z,1,2011680
2016864,FUN_005ec660,undefined FUN_005ec660(void),??0cUI_Alert@@QAE@PBDMMMMHPAVcUI_View@@@Z,1,2012768
2017776,FUN_005ec9f0,undefined FUN_005ec9f0(void),??_EcUI_Alert@@UAEPAXI@Z,1,2013680
2029744,FUN_005ef8b0,undefined FUN_005ef8b0(void),??0cUI_Multiplayer_SettingButton@@QAE@PBDMMMMHPAVcUI_View@@P6AXXZ2V?$basic_string@DU?$char_traits@D@std@@V?$allocator@D@2@@std@@_N@Z,1,2025648
2060272,FUN_005f6ff0,undefined FUN_005f6ff0(void),?gClick_UserBar_Mute@@YAXXZ,1,2056176
2074272,FUN_005fa6a0,undefined FUN_005fa6a0(void),_DEBUG_printf,1,2070176
2079296,FUN_005fba40,undefined FUN_005fba40(void),?_Buy@?$vector@V?$basic_string@DU?$char_traits@D@std@@V?$allocator@D@2@@std@@V?$allocator@V?$basic_string@DU?$char_traits@D@std@@V?$allocator@D@2@@std@@@2@@std@@IAE_NI@Z,1,2075200
2079504,FUN_005fbb10,undefined FUN_005fbb10(void),??0?$_Hash_oper2@$0A@U?$hash@V?$basic_string@DU?$char_traits@D@std@@V?$allocator@D@2@@std@@@std@@U?$equal_to@V?$basic_string@DU?$char_traits@D@std@@V?$allocator@D@2@@std@@@2@@std@@QAE@U?$hash@V?$basic_string@DU?$char_traits@D@std@@V?$allocator@D@2@@std@@@1@U?$equal_to@V?$basic_string@DU?$char_traits@D@std@@V?$allocator@D@2@@std@@@1@@Z,1,2075408
2081456,FUN_005fc2b0,undefined FUN_005fc2b0(void),_AutoLanguage,1,2077360
2083424,FUN_005fca60,undefined FUN_005fca60(void),??0?$time_facet@Vptime@posix_time@boost@@DV?$ostreambuf_iterator@DU?$char_traits@D@std@@@std@@@date_time@boost@@QAE@PBDV?$period_formatter@DV?$ostreambuf_iterator@DU?$char_traits@D@std@@@std@@@12@ABV?$special_values_formatter@DV?$ostreambuf_iterator@DU?$char_traits@D@std@@@std@@@12@V?$date_generator_formatter@Vdate@gregorian@boost@@DV?$ostreambuf_iterator@DU?$char_traits@D@std@@@std@@@12@I@Z,1,2079328
2083840,FUN_005fcc00,undefined FUN_005fcc00(void),?set_iso_format@?$date_facet@Vdate@gregorian@boost@@DV?$ostreambuf_iterator@DU?$char_traits@D@std@@@std@@@date_time@boost@@UAEXXZ,1,2079744
2085680,FUN_005fd330,undefined FUN_005fd330(void),??_E?$time_facet@Vptime@posix_time@boost@@DV?$ostreambuf_iterator@DU?$char_traits@D@std@@@std@@@date_time@boost@@UAEPAXI@Z,1,2081584
2097824,FUN_006002a0,undefined FUN_006002a0(void),??$rotate@V?$_Deque_iterator@V?$_Deque_val@U?$_Deque_simple_types@D@std@@@std@@@std@@@std@@YA?AV?$_Deque_iterator@V?$_Deque_val@U?$_Deque_simple_types@D@std@@@std@@@0@V10@00@Z,1,2093728
2119008,FUN_00605560,undefined FUN_00605560(void),@Build_Orthogonal_Matrix@8,1,2114912
2131504,FUN_00608630,undefined FUN_00608630(void),_TextInput_Update,1,2127408
